0	-75.6576035992617
1	-75.65229718488185
2	-117.80678353619452
3	-117.7716607511413
4	-51.459385018281
5	-51.458898225150236
6	-46.88873073742614
7	-46.88897686765427
8	-42.32305387353684
9	-42.32140284314017
10	-47.583174207676755
11	-47.58336513814697
12	-78.44769110103701
13	-78.4412632366325
14	-77.75632925444968
15	-77.75944025158628
16	-92.74792147127786
17	-92.72787535690652
18	-65.13419714461675
19	-65.13464131413228
20	-73.48033645494024
21	-73.47528250273696
22	-32.99229372140493
23	-32.98996839572745
24	-97.57228499078236
25	-97.5588673077597
26	-38.23370717448282
27	-38.23307255663648
28	-61.013882205072655
29	-61.01690025795444
30	-82.87728145262315
31	-82.86845880578505
32	-102.10329564371597
33	-102.09236887432297
34	-69.21750949893533
35	-69.21599772811948
36	-72.71555657349727
37	-72.70518993112366
38	-95.59623693813957
39	-95.59498074362907
40	-77.27680907716233
41	-77.27230251963307
42	-48.53420674045021
43	-48.53400812675598
44	-57.40596052963008
45	-57.40755291322174
46	-56.54364906843166
47	-56.54357036897606
48	-65.26411171005526
49	-65.26319608840758
50	-52.245347778796116
51	-52.2450495972268
52	-92.2332163023375
53	-92.22169427739135
54	-60.43553821473794
55	-60.43766221944404
56	-86.6306007535574
57	-86.62465780768039
58	-73.5057740536738
59	-73.50079899162108
60	-116.37745744231563
61	-116.35298271487927
62	-69.76540659194622
63	-69.76169881057473
64	-86.37275131819717
65	-86.3601177594782
66	-61.043756819954325
67	-61.04218204437
68	-87.76974706545134
69	-87.75515349498862
70	-78.31652079630713
71	-78.30542622872919
72	-84.50601224240894
73	-84.5061710196449
74	-73.55400927837039
75	-73.55528069751013
76	-51.5932481391509
77	-51.5928749648062
78	-94.42294343279181
79	-94.40872104800616
80	-91.2657585592634
81	-91.26882498530331
82	-76.36421999564297
83	-76.35078118613694
84	-95.22589851240602
85	-95.22127767730916
86	-70.14851342073337
87	-70.14556858353258
88	-76.5227734061224
89	-76.52381608757683
90	-85.74731986166924
91	-85.7434293831119
92	-78.47227535331704
93	-78.469796749793
94	-92.62554896114106
95	-92.61028413833453
96	-163.94259766576604
97	-163.89646299386465
98	-43.37616571804822
99	-43.37302554264063
100	-93.71467837331721
101	-93.7029546553433
102	-77.42845198932882
103	-77.41996483285982
104	-94.72631412955477
105	-94.71191084776547
106	-93.96898324260954
107	-93.95617655838699
108	-72.44996836073744
109	-72.44502639275655
110	-89.48920324265683
111	-89.48826982912325
112	-113.6400710573247
113	-113.63911912860198
114	-54.9016769337369
115	-54.898808956910706
116	-104.8603015324496
117	-104.85439868419402
118	-94.5730090348927
119	-94.55486343283778
120	-60.53311827572668
121	-60.531482177035784
122	-121.58433957794844
123	-121.55258599973938
124	-68.3179579397968
125	-68.31007964028504
126	-66.79714303790666
127	-66.79333689488777
128	-76.8340140800577
129	-76.8289013868471
130	-68.29295977381143
131	-68.28522949363304
132	-61.24756489463107
133	-61.24617133275034
134	-106.70146236203749
135	-106.68969319126923
136	-72.9434105919442
137	-72.94407791226448
138	-103.20898365428859
139	-103.19529945222742
140	-90.26667023290267
141	-90.26670837525648
142	-90.55143116646501
143	-90.54500793261454
144	-60.66543353351742
145	-60.66043301740398
146	-46.40884688143704
147	-46.40813055082522
148	-107.77305358868988
149	-107.75444513393656
150	-111.76000376949835
151	-111.72803458819033
152	-99.82220025556329
153	-99.80636031273254
154	-75.49765375837643
155	-75.49476995792547
156	-73.23005411264515
157	-73.22282676893722
158	-55.1351858720278
159	-55.13431509004417
160	-68.44868507384484
161	-68.4475605909521
162	-74.09170013878843
163	-74.08848783421975
164	-87.25275741400839
165	-87.24492514966327
166	-93.3597948223257
167	-93.36088294109678
168	-65.1869649270339
169	-65.17889914530502
170	-107.94415549414954
171	-107.94053859424704
172	-95.88387833091755
173	-95.87343976886324
174	-80.89130109573682
175	-80.88525259473064
176	-66.8282392464823
177	-66.82484998993272
178	-99.02609248623544
179	-99.02024242732867
180	-61.52344466156113
181	-61.52182694031157
182	-76.85381733067373
183	-76.84762452166062
184	-142.99670178503163
185	-142.97380044387836
186	-110.40601740374127
187	-110.40081902132692
188	-74.76817914761375
189	-74.7652258250706
190	-52.8648868011006
191	-52.86210385310216
192	-94.90969064010382
193	-94.9015709657641
194	-76.31573826414305
195	-76.31337556703542
196	-75.57352442754967
197	-75.57084820617327
198	-80.85734490942623
199	-80.85373510259271
200	-100.93754412461159
201	-100.93281530650336
202	-91.09770869525805
203	-91.09324514503288
204	-104.655888193491
205	-104.6377650344377
206	-108.64547937119085
207	-108.64258876978677
208	-91.07333151859429
209	-91.07518011774167
210	-107.96859176915704
211	-107.94818668998123
212	-98.43420162140451
213	-98.42036433845996
214	-106.99241083165867
215	-106.98388482259891
216	-117.21759375331817
217	-117.21141878684811
218	-86.9114552370937
219	-86.9023763144578
220	-119.71237726563164
221	-119.71274253265813
222	-113.63675816540709
223	-113.63829025272305
224	-105.24081721567357
225	-105.23105718149519
226	-97.1899186770735
227	-97.18904958869771
228	-74.02119940415423
229	-74.01540152479724
230	-91.33293820131357
231	-91.32982429342442
232	-69.67307223213876
233	-69.6661413310233
234	-126.7166125244481
235	-126.70717129573359
236	-72.21994839972878
237	-72.21396979901112
238	-92.19990812478996
239	-92.196009023005
240	-84.32268626001061
241	-84.31692805433534
242	-116.99519619704296
243	-116.98038308079947
244	-90.27425419430459
245	-90.26726847899334
246	-109.32834901820146
247	-109.31745713573153
248	-119.6333774626828
249	-119.61220577337323
250	-109.33039422192802
251	-109.31772838765838
252	-118.84589373152053
253	-118.83658249169386
254	-86.03157569270374
255	-86.02666124553815
256	-120.43845741644915
257	-120.42768525830427
258	-124.57022492484833
259	-124.54377575419004
260	-86.92240757329209
261	-86.91703846772411
262	-95.69946429895452
263	-95.68951287684318
264	-68.1942085687895
265	-68.19571264622854
266	-109.30576165500894
267	-109.301428253166
268	-102.33515646190948
269	-102.3270244112288
270	-91.15558245692333
271	-91.1530510448997
272	-96.1758467482757
273	-96.16055713343529
274	-90.21015492421974
275	-90.19629942668817
276	-91.02753161943498
277	-91.01989398686946
278	-127.06890555164819
279	-127.05344436602212
280	-74.98121021972955
281	-74.97962963850124
282	-104.18808007395984
283	-104.1876997721532
284	-118.23538890072754
285	-118.21426780598487
286	-95.60204387901415
287	-95.60111068471244
288	-117.08344350327405
289	-117.0815220925007
290	-80.00687606770799
291	-79.99859101494104
292	-72.70037798708182
293	-72.69791372531022
294	-84.6421477272264
295	-84.62853262345655
296	-109.91001873025537
297	-109.89132016065663
298	-88.59298616992983
299	-88.58885955586874
300	-98.28542581876138
301	-98.28640970421162
302	-136.72728404645517
303	-136.70399601242914
304	-140.06444377406862
305	-140.02886305345734
306	-98.09243147060357
307	-98.08860865272025
308	-108.19920538640572
309	-108.19440492991947
310	-131.3700021138429
311	-131.34485724063387
312	-96.53302136972651
313	-96.53398494775156
314	-111.80384684685956
315	-111.79974255384694
316	-65.64251335351996
317	-65.6393104016211
318	-90.83087779956921
319	-90.8141576714018
320	-92.61607076965265
321	-92.60893516715836
322	-113.73944651774218
323	-113.72828630529696
324	-110.01793762174493
325	-110.00288060287744
326	-108.78880749659879
327	-108.77596271181078
328	-106.93807481017777
329	-106.92942672306711
330	-140.76515529280633
331	-140.7257972128723
332	-103.00361766043838
333	-102.997735065651
334	-114.72446209905121
335	-114.70568333194349
336	-119.31158336600787
337	-119.28751556810074
338	-96.38789517830114
339	-96.37895891774954
340	-139.4056045081644
341	-139.38112658103486
342	-87.1955392847957
343	-87.19232188838168
344	-127.69298053203929
345	-127.6767762510101
346	-128.6664208363173
347	-128.65459313918203
348	-126.90309855019423
349	-126.87530541459081
350	-124.66992109855838
351	-124.65457537798588
352	-103.0330730998219
353	-103.0229582673923
354	-108.14392985214894
355	-108.13639594345588
356	-120.55811295568104
357	-120.5531197690999
358	-88.69296626889974
359	-88.68668633468326
360	-82.10813966876952
361	-82.09636594400867
362	-85.86539187525386
363	-85.86137570247678
364	-135.2472770462994
365	-135.22113665317505
366	-84.80327682354842
367	-84.79679828579361
368	-137.52432792048862
369	-137.50957069787987
370	-74.43970295395668
371	-74.4370242972063
372	-114.2133817603734
373	-114.19715385838786
374	-112.37940971739903
375	-112.3700416458271
376	-112.78200822794977
377	-112.77778929941661
378	-155.43191608889418
379	-155.40015114034756
380	-93.45015594532052
381	-93.44611289806548
382	-98.02964310142897
383	-98.02081484393247
384	-113.06243031363196
385	-113.04604539370202
386	-118.9238913959861
387	-118.91256104676022
388	-134.5934642922263
389	-134.58643727387138
390	-102.60909161820048
391	-102.59602056063257
392	-118.54031264978984
393	-118.52051412756344
394	-122.02624702101507
395	-122.01623438735646
396	-117.93442514829381
397	-117.930922487794
398	-121.40022383935253
399	-121.38320234672233
400	-99.02485973821973
401	-99.01984215254888
402	-110.80410482996506
403	-110.79802838490042
404	-97.4107091506942
405	-97.40721767594302
406	-142.44177275862717
407	-142.40142676340662
408	-130.03117925903678
409	-130.0047972017433
410	-121.19798215543952
411	-121.19003160397648
412	-144.54547409890966
413	-144.51137471102246
414	-105.12453133005145
415	-105.10890609771018
416	-110.15384228317032
417	-110.14190319960562
418	-87.91895029524574
419	-87.91543817491062
420	-136.37208214580954
421	-136.34811329594618
422	-89.58238191024358
423	-89.5806429231035
424	-185.77154388724477
425	-185.73243012863767
426	-113.00522095025727
427	-112.99168153096662
428	-123.70556419926123
429	-123.69937085225506
430	-131.64098126883732
431	-131.62506796104643
432	-127.5139488054508
433	-127.4968821127421
434	-166.83140400283705
435	-166.76107681950558
436	-105.87154638925128
437	-105.85801980327207
438	-131.2105046485106
439	-131.20356969865475
440	-114.34271110798525
441	-114.32988197740491
442	-111.9212082578707
443	-111.91730891406162
444	-130.55109742679798
445	-130.5358756551172
446	-133.9096999781971
447	-133.88800336977786
448	-129.4960677073238
449	-129.49620590808
450	-157.37599521760637
451	-157.34804973330296
452	-144.24854745954235
453	-144.22094072208736
454	-104.29614367014577
455	-104.28783702063424
456	-154.26825571007384
457	-154.24151582315528
458	-138.95751670836938
459	-138.95166227992317
460	-118.25509044517086
461	-118.24574657152989
462	-132.5942132208552
463	-132.575585633237
464	-151.83330754713762
465	-151.82052877546076
466	-110.86174726881984
467	-110.85680790534312
468	-118.5463806700131
469	-118.53763708946798
470	-132.51935908695722
471	-132.50117887459888
472	-138.9565193434106
473	-138.94079600791915
474	-124.87170709633541
475	-124.85123007638384
476	-124.92098405379181
477	-124.90084734250735
478	-156.02417792553868
479	-155.9901072701996
480	-126.96211582721126
481	-126.94807269067898
482	-120.3020460811395
483	-120.29312507694505
484	-101.16679089638046
485	-101.15925209383163
486	-144.82148419139617
487	-144.80425558057118
488	-138.65967962288283
489	-138.6399303815174
490	-158.92042796899824
491	-158.90238178479552
492	-165.49286101001928
493	-165.4637006988426
494	-133.00168938115388
495	-132.990004220237
496	-100.05770446080562
497	-100.05002776291282
498	-86.28588039328338
499	-86.28217471978456
500	-116.16129560989106
501	-116.1531970163085
502	-117.24119430480889
503	-117.23217002585011
504	-164.94126807398402
505	-164.91859850867314
506	-154.3298004276139
507	-154.3126384509303
508	-121.12682130142704
509	-121.12202737564772
510	-172.0874329882462
511	-172.04962421331896
512	-136.4449437660498
513	-136.4270428627567
514	-100.26208175440702
515	-100.25746349338027
516	-137.96050103792948
517	-137.93195401890304
518	-118.31036741287409
519	-118.3035518755892
520	-102.14549374498957
521	-102.14022709094635
522	-160.33527982589217
523	-160.32417785282394
524	-129.55915084059538
525	-129.54194471239896
526	-133.8022258628308
527	-133.7948229232643
528	-134.76834005928563
529	-134.74711652105756
530	-124.24091541921103
531	-124.22792565045813
532	-125.79142152299472
533	-125.78327377302175
534	-138.9818169752972
535	-138.96901561435962
536	-147.3300877406699
537	-147.31013585404014
538	-167.77155264954172
539	-167.75119891888403
540	-106.50190966724972
541	-106.5003591868242
542	-128.76938099639736
543	-128.76938936182196
544	-122.67233018348784
545	-122.65522469728568
546	-133.11722464249993
547	-133.10281293572737
548	-152.77307136365212
549	-152.7495601070645
550	-135.9649774202393
551	-135.9579569193121
552	-142.8335606700347
553	-142.82061507375136
554	-128.6509186213225
555	-128.64139981208615
556	-147.4104446087574
557	-147.40056139202142
558	-140.6175206414165
559	-140.59439880507142
560	-169.25589135559431
561	-169.2300743651854
562	-164.4487045924951
563	-164.41027920741433
564	-150.14822438615735
565	-150.1346790271929
566	-128.98786177717227
567	-128.97136919775448
568	-137.69672150790578
569	-137.68103765015715
570	-161.72452260262253
571	-161.69893451765492
572	-182.76994173276634
573	-182.74568261317577
574	-192.36045998419007
575	-192.30246860850474
576	-148.3467978378798
577	-148.32884501632572
578	-152.82175979900123
579	-152.79711895648015
580	-123.32913032292481
581	-123.3198422787312
582	-139.0091505575932
583	-138.98909380268321
584	-114.61179568749903
585	-114.60193882358594
586	-149.5071105086008
587	-149.50024839130737
588	-113.31897804842242
589	-113.31668600984332
590	-149.962445608932
591	-149.9450280453542
592	-133.21494092349022
593	-133.211588441551
594	-117.15921175703815
595	-117.15507807799236
596	-148.2565353310818
597	-148.24939260875976
598	-172.03989591153723
599	-172.02913296249895
600	-137.25421553724152
601	-137.2403725382712
602	-107.04042271880479
603	-107.03868530940119
604	-175.64473895536085
605	-175.61576509428488
606	-122.15087155312303
607	-122.14359030434173
608	-168.14117486855133
609	-168.12077647498825
610	-124.68001204305295
611	-124.6710523311877
612	-143.23140799664407
613	-143.2262640718722
614	-147.19529826219002
615	-147.17996901772108
616	-139.36401556660638
617	-139.36126701318662
618	-164.53572753673143
619	-164.51627686996358
620	-147.00754195453533
621	-146.9834369765856
622	-169.54718268808702
623	-169.51578672581263
624	-135.85779210317364
625	-135.84708425983132
626	-149.3515786020404
627	-149.34435170461177
628	-138.18497133393387
629	-138.1792229295038
630	-158.7959134929058
631	-158.78614085035818
632	-159.43935132187417
633	-159.41800414205989
634	-163.27876349480206
635	-163.24712493985368
636	-145.73920783938138
637	-145.72710340110245
638	-143.27370661997284
639	-143.24725271730506
640	-135.599829433816
641	-135.58140968791972
642	-130.5458286093372
643	-130.53846672415168
644	-124.4968013329097
645	-124.48882585764481
646	-135.71634929441976
647	-135.70151427411935
648	-109.62684354456796
649	-109.61378707611857
650	-129.40767644111492
651	-129.39762722462757
652	-121.90606147019417
653	-121.89741993942039
654	-147.7020301855305
655	-147.6678101659329
656	-149.07745727734223
657	-149.06767187473193
658	-160.25750738623856
659	-160.24497634945487
660	-188.75127879022335
661	-188.73254291089472
662	-133.1486355400529
663	-133.14014481050344
664	-160.06022110388676
665	-160.03334821904724
666	-177.60271276417316
667	-177.56770318346537
668	-179.90378166800983
669	-179.8785856154188
670	-188.27832603764696
671	-188.25638254559328
672	-172.4955511411197
673	-172.47720906436848
674	-124.46558234325629
675	-124.44734057501289
676	-129.18385499042054
677	-129.1752955857868
678	-131.64143023227456
679	-131.62515363071455
680	-185.65129860985473
681	-185.62301448153192
682	-136.58436323501007
683	-136.57503711551107
684	-123.0686865697213
685	-123.05483321589418
686	-163.40935295952792
687	-163.38691127315585
688	-137.58130496246258
689	-137.5632043155055
690	-194.195190480465
691	-194.1681931830756
692	-153.74307432885482
693	-153.7241892555255
694	-166.87709521391065
695	-166.8513644090233
696	-126.35567110729198
697	-126.34469139217023
698	-140.38040177637973
699	-140.37141747219388
700	-197.81967949467835
701	-197.79525735971603
702	-149.57756510781977
703	-149.5615589248626
704	-136.38113374397946
705	-136.3715649691815
706	-180.1930819987994
707	-180.17181484285746
708	-163.03686250835378
709	-163.0210541998942
710	-134.7831268809327
711	-134.78092411844864
712	-148.6240405708208
713	-148.6131305663297
714	-171.18401648816183
715	-171.15761327372024
716	-165.07871597378553
717	-165.05466382287082
718	-130.17750720457062
719	-130.1720477021004
720	-143.2232411150266
721	-143.21715396006633
722	-198.15276945335864
723	-198.11688551438547
724	-147.23547013989338
725	-147.22436382219587
726	-159.3574510565423
727	-159.34255648701975
728	-164.19666214117294
729	-164.17963408923208
730	-135.68916371150007
731	-135.68520808998238
732	-137.60059956677037
733	-137.5930376048116
734	-168.16786033179855
735	-168.1534913444354
736	-197.44116373524892
737	-197.41796010331478
738	-166.1485424279564
739	-166.14177504193415
740	-133.5732007947215
741	-133.563638511035
742	-186.6212132711089
743	-186.60740450988678
744	-167.3941961114942
745	-167.37347479567828
746	-161.14958169868382
747	-161.1304248436077
748	-174.28796754921498
749	-174.2575229028159
750	-163.13872747121448
751	-163.11941785651663
752	-171.3601505916293
753	-171.34942702716745
754	-132.9008313254175
755	-132.89244770379884
756	-147.01603034782593
757	-147.00301203111354
758	-131.48418508204043
759	-131.48116783854215
760	-150.23636884498572
761	-150.22414824880607
762	-184.7409717072015
763	-184.7228016905334
764	-184.70186972914885
765	-184.6862009133244
766	-192.79620922055042
767	-192.77943612147968
768	-142.1581164782321
769	-142.14933638317387
770	-173.0453128259604
771	-173.02510409553224
772	-171.5957160230364
773	-171.5778412227053
774	-180.9901911277412
775	-180.95763166170408
776	-142.15870609111786
777	-142.1528071895661
778	-172.98396670401064
779	-172.9602023217811
780	-172.1537184579443
781	-172.15051951367195
782	-160.74807478655728
783	-160.73235721388122
784	-215.290895662396
785	-215.2644989624313
786	-186.39140064338744
787	-186.37549064733764
788	-167.7245964267154
789	-167.7159379516197
790	-187.6211229106879
791	-187.60131372868562
792	-162.75011864249606
793	-162.7462713930816
794	-189.73100637846727
795	-189.7013125160355
796	-165.2165092854014
797	-165.20273939764144
798	-138.523854328364
799	-138.5162966811447
800	-183.0629630837691
801	-183.02872572172893
802	-204.45170130968043
803	-204.4179115710165
804	-167.6213281514673
805	-167.60987906731978
806	-175.3685400896324
807	-175.36322648183608
808	-157.76787038525626
809	-157.73411818642415
810	-163.29127528261304
811	-163.2814838109475
812	-149.67938327266572
813	-149.66753823848134
814	-173.95539102636633
815	-173.92782207529555
816	-172.30256576948827
817	-172.28567361963985
818	-167.83525256266034
819	-167.82587252352917
820	-174.01508009988044
821	-173.99755635101243
822	-169.3217693610525
823	-169.31275077167425
824	-202.24129954142614
825	-202.22788346084334
826	-179.50644562852
827	-179.4934126373058
828	-181.13425333071223
829	-181.12042204894604
830	-170.47468002778695
831	-170.44174222016295
832	-158.2555245272384
833	-158.23245839485415
834	-175.14847026296863
835	-175.1396034106037
836	-173.48580802974251
837	-173.47101861627004
838	-149.5149329618351
839	-149.50573345627262
840	-182.52522598069018
841	-182.51605639583835
842	-149.48254610265366
843	-149.46672474070692
844	-138.7644891510782
845	-138.75743528473686
846	-197.43404355723916
847	-197.423106968683
848	-158.41748187733938
849	-158.40450104889666
850	-186.8218478075859
851	-186.8058649848059
852	-158.2024532756749
853	-158.19108286530044
854	-146.57478338772674
855	-146.55535953542966
856	-143.31421984774676
857	-143.3078321922741
858	-182.21651975025927
859	-182.1978178725797
860	-191.5932046552471
861	-191.58329085104555
862	-171.7009869312514
863	-171.68664656968193
864	-207.71127820730308
865	-207.68756251662404
866	-186.80003845809068
867	-186.7837923097507
868	-155.07533585276505
869	-155.06105878671138
870	-197.3077535145899
871	-197.28573429981964
872	-194.01825131376742
873	-193.99819665263445
874	-168.70211880368623
875	-168.69091943763652
876	-158.18866351774088
877	-158.18023183464416
878	-179.02085439240162
879	-179.00692990618032
880	-205.71892065370903
881	-205.68581547991226
882	-190.849407173663
883	-190.82634598516395
884	-140.3749860888407
885	-140.36367334354907
886	-205.69836184668563
887	-205.6761612472013
888	-183.4102393002845
889	-183.39258688081273
890	-205.57303861082346
891	-205.5495680221574
892	-173.32253799833524
893	-173.31103955242148
894	-161.09169782259715
895	-161.08135946742817
896	-193.63584805563298
897	-193.61648820391935
898	-186.41603350505227
899	-186.4001200501796
900	-193.56016053553682
901	-193.54112649829904
902	-162.41728531644907
903	-162.40819241091742
904	-192.04022901905776
905	-192.02333921342787
906	-187.6207949411009
907	-187.60226696031782
908	-210.0840818572976
909	-210.06528114682854
910	-163.90793554262257
911	-163.89934052819765
912	-165.5006378092263
913	-165.49404232622206
914	-156.7216736574935
915	-156.71444283868956
916	-169.35153604390985
917	-169.33326369427235
918	-183.42778615727556
919	-183.4219657490423
920	-175.21500081497473
921	-175.17924360014453
922	-176.7442242109271
923	-176.7260961723253
924	-196.83401140626992
925	-196.81595323512667
926	-189.74029585496498
927	-189.71236966479069
928	-143.23644791193698
929	-143.23017110556887
930	-173.7043600241369
931	-173.6899744686871
932	-223.02548402810328
933	-223.0067507228677
934	-187.2705496566744
935	-187.25344538583897
936	-153.6427785778102
937	-153.6392097112137
938	-183.56241016347363
939	-183.53719531708742
940	-177.67734807396877
941	-177.67411532900076
942	-148.64906963606654
943	-148.63931923267833
944	-213.1080791079357
945	-213.0755363218202
946	-151.72417694959248
947	-151.71455263585702
948	-211.65552944027715
949	-211.64570870813384
950	-172.61904404699266
951	-172.60659355341176
952	-204.02551660989712
953	-204.01777875109275
954	-150.8941107573634
955	-150.88842149839655
956	-189.46029378296743
957	-189.41943988121614
958	-209.6950411479094
959	-209.68386144100333
960	-169.21248506517045
961	-169.20166233502098
962	-167.66152607202574
963	-167.6523506289433
964	-173.52150025965688
965	-173.5085528679631
966	-163.13789329733547
967	-163.12793849244594
968	-152.67461951997373
969	-152.66355576305529
970	-172.07260093469583
971	-172.04419338862832
972	-192.03251313881472
973	-192.01058693105088
974	-181.89356897350297
975	-181.8767280538468
976	-174.19053767678545
977	-174.1854473243538
978	-164.51757534367016
979	-164.51392778482276
980	-193.3592547835116
981	-193.33585193628215
982	-204.62284519110972
983	-204.60969938751938
984	-205.50889999502255
985	-205.4823414230486
986	-192.02827560161649
987	-192.00097033760522
988	-201.37846075135832
989	-201.3572981336537
990	-190.00480299971352
991	-189.9814258803232
992	-202.70185778336418
993	-202.6812375283606
994	-177.73018957863385
995	-177.72006595595764
996	-199.2335006518717
997	-199.214454940447
998	-197.81591538793236
999	-197.78906335082283
1000	-201.74508098966882
1001	-201.73633484873054
1002	-196.50107976952646
1003	-196.48500354192802
1004	-188.350898010491
1005	-188.34336346462212
1006	-196.86847903728253
1007	-196.8559857252739
1008	-154.6122078895219
1009	-154.60438384369033
1010	-169.99044096358577
1011	-169.97125702741317
1012	-175.87067907370536
1013	-175.86789856920888
1014	-221.5069679092962
1015	-221.4868544100164
1016	-173.74526637189277
1017	-173.73646651339823
1018	-162.81377383340356
1019	-162.80575570242226
1020	-206.70050366734836
1021	-206.68378774088055
1022	-178.0483859793933
1023	-178.0358455766865
1024	-191.88522972162986
1025	-191.8623485139284
1026	-211.33525683945965
1027	-211.32258494504143
1028	-188.81290965889895
1029	-188.79749089312605
1030	-200.1210909279349
1031	-200.11397941691843
1032	-212.70044904845184
1033	-212.68637844796228
1034	-170.75106600040434
1035	-170.72490996292024
1036	-218.28162895177275
1037	-218.26586074810595
1038	-185.56555615236482
1039	-185.56082285971007
1040	-209.70862351838582
1041	-209.69757909919232
1042	-173.42019714636356
1043	-173.41173830774284
1044	-177.34793357899792
1045	-177.33798328524446
1046	-193.98879073178733
1047	-193.967736427989
1048	-197.20129481802957
1049	-197.16456989856275
1050	-178.6226882226643
1051	-178.61103905000718
1052	-186.8796139033012
1053	-186.86763855347547
1054	-194.30630746323163
1055	-194.26727019243097
1056	-199.28362935758335
1057	-199.27167845912982
1058	-176.3245418225149
1059	-176.31601220732307
1060	-189.8817420420302
1061	-189.86888209922907
1062	-204.51387771736617
1063	-204.4996913700888
1064	-174.74265435458662
1065	-174.72529041245159
1066	-229.58225084904004
1067	-229.56321203728956
1068	-192.0479512294243
1069	-192.04004550046614
1070	-204.60531836892676
1071	-204.57590021490032
1072	-179.99489090292235
1073	-179.98641551759502
1074	-187.39866899496346
1075	-187.38885538734795
1076	-212.45144885987733
1077	-212.4325319558079
1078	-216.19089896806645
1079	-216.16477076997253
1080	-208.15537605712993
1081	-208.1343052803406
1082	-219.2997130947341
1083	-219.2868540970253
1084	-203.8193827737981
1085	-203.80267812628318
1086	-195.60177951833143
1087	-195.58952161402382
1088	-178.89949372093997
1089	-178.88601139001088
1090	-204.97554578611766
1091	-204.9625535846615
1092	-218.50557774896896
1093	-218.48665538182112
1094	-211.12896618876928
1095	-211.111818574355
1096	-193.68081983714126
1097	-193.67561990486476
1098	-206.94960348375878
1099	-206.93324219984768
1100	-186.8482151436558
1101	-186.84337281629107
1102	-185.66754397278953
1103	-185.64807156333046
1104	-196.93194058926352
1105	-196.91997832133842
1106	-222.9593755917203
1107	-222.93764913267583
1108	-218.3550153220763
1109	-218.34730505713318
1110	-197.61293362227005
1111	-197.5987381886216
1112	-206.31249359433426
1113	-206.3020447132743
1114	-206.67482888132426
1115	-206.66654100564102
1116	-211.85785622643758
1117	-211.84117418885037
1118	-228.60093136285775
1119	-228.5867034063362
1120	-199.9149424086653
1121	-199.9034098027593
1122	-244.2438973481812
1123	-244.23072117077865
1124	-222.3465471139844
1125	-222.3374015707082
1126	-183.09372115051767
1127	-183.08620156498841
1128	-191.01182796525717
1129	-191.00196313587753
1130	-186.5428935237117
1131	-186.5177066478628
1132	-193.84147620741214
1133	-193.82578661281485
1134	-202.30186674145398
1135	-202.2872343151305
1136	-207.09118260777907
1137	-207.0841851281211
1138	-189.30413688739088
1139	-189.29986820654412
1140	-206.4625806697605
1141	-206.45698845257633
1142	-223.25810165501045
1143	-223.2410410002509
1144	-173.871152256408
1145	-173.86352557503128
1146	-190.88753496918827
1147	-190.87812418760447
1148	-206.3358065867062
1149	-206.33286271200495
1150	-185.89364469299585
1151	-185.88139890178786
1152	-216.718572652525
1153	-216.69872212433023
1154	-204.64410831497497
1155	-204.6206523317553
1156	-204.74500097994004
1157	-204.73239067308253
1158	-201.39061188098168
1159	-201.37361812564336
1160	-204.45043046015095
1161	-204.43720469973667
1162	-170.1776214765494
1163	-170.16962784725396
1164	-189.3221570335019
1165	-189.311821455102
1166	-193.097152853481
1167	-193.092783457691
1168	-187.49258509927856
1169	-187.4817558371708
1170	-208.3771683461737
1171	-208.36285259086122
1172	-169.44062912737354
1173	-169.434166046995
1174	-203.4362158185265
1175	-203.42333396014567
1176	-186.42077574885752
1177	-186.40821891527122
1178	-217.80777804337447
1179	-217.79580538851948
1180	-220.17037778749824
1181	-220.16305700163048
1182	-190.37613996160673
1183	-190.3650668754342
1184	-185.1725941086695
1185	-185.15990823643764
1186	-200.77912936273768
1187	-200.77277428332096
1188	-202.68772848373635
1189	-202.6802884951531
1190	-172.1881375278935
1191	-172.1780450218046
1192	-222.14725314487
1193	-222.14159833000377
1194	-227.85809765007974
1195	-227.84655558547252
1196	-235.23742893662862
1197	-235.21846220901563
1198	-213.2500342056711
1199	-213.24002799083667
1200	-204.57513283515894
1201	-204.56166523069936
1202	-246.77605424167226
1203	-246.76262182809936
1204	-231.7293284121565
1205	-231.70387649965232
1206	-227.84388057496682
1207	-227.83154039549203
1208	-241.59356198747324
1209	-241.58088272905425
1210	-215.78916801605814
1211	-215.78336685152536
1212	-221.79154170242757
1213	-221.7857021203429
1214	-175.85128620590038
1215	-175.84066363497587
1216	-214.0309911642635
1217	-214.02470091261645
1218	-185.26751998662698
1219	-185.25628255264925
1220	-219.82683994568387
1221	-219.8111896512365
1222	-235.4344954573333
1223	-235.42588738462635
1224	-229.7486614345184
1225	-229.73559795224747
1226	-239.2931831981028
1227	-239.2616907793274
1228	-200.95111118667458
1229	-200.94624149657685
1230	-216.15248657381704
1231	-216.14234274659148
1232	-203.11666790389486
1233	-203.1091671206532
1234	-208.35070294892103
1235	-208.34223955945916
1236	-211.95527180793698
1237	-211.94867039080106
1238	-197.86644059617285
1239	-197.85053922324394
1240	-234.31960102662185
1241	-234.30468142575486
1242	-214.03859680312894
1243	-214.01788683574762
1244	-219.58699090458813
1245	-219.58222116488938
1246	-178.5547635019473
1247	-178.53472798547799
1248	-209.6705864068613
1249	-209.65998881127183
1250	-205.5846976370886
1251	-205.5763485699885
1252	-219.41087026028862
1253	-219.40072716822633
1254	-196.66201142807745
1255	-196.64606475108715
1256	-200.16358878504434
1257	-200.15229865751485
1258	-217.14069427577394
1259	-217.12651861690807
1260	-210.029838555111
1261	-210.00661405090963
1262	-203.75968311731387
1263	-203.75196003038053
1264	-226.28131855884664
1265	-226.26435900589004
1266	-221.03654107679702
1267	-221.0264826720445
1268	-217.24720211432373
1269	-217.23333003877872
1270	-219.48200113662418
1271	-219.47595428325033
1272	-218.83162808475512
1273	-218.81403810446415
1274	-235.10096995714824
1275	-235.0933328793361
1276	-224.88800125214362
1277	-224.8727866957604
1278	-219.6025384946781
1279	-219.59922750434956
1280	-205.1145076724365
1281	-205.09727246797482
1282	-205.8077357890367
1283	-205.7949022026549
1284	-230.23621427483167
1285	-230.2241669564586
1286	-209.80614933600867
1287	-209.79995573079037
1288	-234.1515731868793
1289	-234.12977171738822
1290	-205.60600498180727
1291	-205.5946268148296
1292	-264.6888611679566
1293	-264.6673749995655
1294	-148.61688173187957
1295	-148.60853956460357
1296	-233.9958130796816
1297	-233.9841994571911
1298	-175.64015631868148
1299	-175.62536368065048
1300	-169.0195691598797
1301	-169.01054754460176
1302	-220.13810977558637
1303	-220.11961966244138
1304	-201.51535701428563
1305	-201.50628712345323
1306	-180.14056335150198
1307	-180.12509685223645
1308	-209.6508464283001
1309	-209.64509787184303
1310	-201.59560299032705
1311	-201.5866014512014
1312	-225.99010814134164
1313	-225.97171270494982
1314	-227.14920709021402
1315	-227.11865337903268
1316	-192.31517894727853
1317	-192.3018596744137
1318	-225.67532673512522
1319	-225.6579976930803
1320	-205.188370758298
1321	-205.17996542085623
1322	-235.33024658281659
1323	-235.32422584050354
1324	-206.07437946647582
1325	-206.07013275267485
1326	-208.71662479703855
1327	-208.70425801275883
1328	-212.5069094491055
1329	-212.49293816725933
1330	-215.3804564119088
1331	-215.35318792097243
1332	-231.90489610689283
1333	-231.89293497851324
1334	-224.57933418332843
1335	-224.5628772019401
1336	-197.10110278619263
1337	-197.08912261264945
1338	-218.75798317491913
1339	-218.74594496150047
1340	-243.23756020486414
1341	-243.219740351033
1342	-216.88953791904456
1343	-216.88142887699516
1344	-205.41663932475527
1345	-205.4084345167271
1346	-249.1307977453234
1347	-249.11556539437794
1348	-221.05319170490623
1349	-221.04869391404014
1350	-226.05580935870103
1351	-226.03885992652908
1352	-227.8677193696528
1353	-227.85832022253706
1354	-215.5851378673442
1355	-215.57921039969025
1356	-212.5774006074367
1357	-212.5665833460027
1358	-193.62905926000178
1359	-193.62206574187448
1360	-244.53522035075335
1361	-244.5144957756887
1362	-212.27636722130828
1363	-212.26372318565558
1364	-233.43835338775267
1365	-233.42447952542312
1366	-202.59731547060593
1367	-202.58275243916398
1368	-226.52174822640956
1369	-226.50354593808052
1370	-220.14412891385962
1371	-220.13530428047494
1372	-205.510770434998
1373	-205.49927805035412
1374	-217.9888905833955
1375	-217.97481131653527
1376	-240.92984421870426
1377	-240.9193623988483
1378	-190.3916712419659
1379	-190.38290594278126
1380	-225.5331748288537
1381	-225.52019859122043
1382	-197.1365108351548
1383	-197.12858605840265
1384	-204.34438858832152
1385	-204.33265696036696
1386	-199.18112469864522
1387	-199.17239618851838
1388	-208.89931920713454
1389	-208.89045791971407
1390	-239.24154307033635
1391	-239.22585486666722
1392	-237.1852492763706
1393	-237.17748742828556
1394	-234.17458680118537
1395	-234.1641664443477
1396	-206.0778567902393
1397	-206.0663097043613
1398	-256.27657524035266
1399	-256.2652948933602
1400	-221.07936866876992
1401	-221.06468514898242
1402	-218.00214973610036
1403	-217.992914025552
1404	-187.62077671677469
1405	-187.6142608795729
1406	-212.2792219065182
1407	-212.27106653950045
1408	-207.12467593209527
1409	-207.11748133524085
1410	-180.43404297149206
1411	-180.41855002804635
1412	-225.45593854647637
1413	-225.44068020918195
1414	-246.21793861759835
1415	-246.2069305510967
1416	-165.52111208691375
1417	-165.5143402162413
1418	-207.21297714059813
1419	-207.2061953776878
1420	-202.17669688205706
1421	-202.16674579022484
1422	-226.20698024363347
1423	-226.18843887299698
1424	-227.5062767532655
1425	-227.48954165939398
1426	-207.78690299750778
1427	-207.77651530731137
1428	-211.22437341516581
1429	-211.21877634996605
1430	-219.6906478051269
1431	-219.67550282619746
1432	-216.60183716858043
1433	-216.58832145562008
1434	-206.2862969785561
1435	-206.27895172061625
1436	-250.02268551072612
1437	-250.00810568584362
1438	-221.2241313275205
1439	-221.20801854890968
1440	-231.73921534949045
1441	-231.73149175547977
1442	-232.1671272509942
1443	-232.1526346560516
1444	-201.57759825855894
1445	-201.57499185390765
1446	-211.47350615869755
1447	-211.46317574957007
1448	-237.7925839213134
1449	-237.7848955585868
1450	-204.94207266342823
1451	-204.93538820067866
1452	-208.02237619810114
1453	-208.01278867407493
1454	-221.52130234548667
1455	-221.506866141061
1456	-207.39791631766064
1457	-207.3852433726139
1458	-190.49098388377325
1459	-190.46534554833283
1460	-236.02151288722274
1461	-236.00896111029968
1462	-208.3151812513504
1463	-208.30774101937962
1464	-234.17138603967715
1465	-234.15643920192696
1466	-228.05057291333614
1467	-228.0380916058237
1468	-208.6917752907917
1469	-208.68524278422316
1470	-186.8914868691991
1471	-186.88382581989913
1472	-229.15525078224607
1473	-229.1498422061469
1474	-227.98211094711343
1475	-227.96984857119074
1476	-234.31178004374178
1477	-234.30111216538327
1478	-191.41051457211873
1479	-191.40736915674952
1480	-226.6611967876959
1481	-226.63940826216736
1482	-214.55986268080437
1483	-214.54792075428432
1484	-257.18844206409386
1485	-257.17587210603637
1486	-221.85109411669
1487	-221.84257880887503
1488	-252.21627600449548
1489	-252.17211594629575
1490	-208.23240370174008
1491	-208.22514578100282
1492	-217.07746420058692
1493	-217.06961325514555
1494	-233.52044693028995
1495	-233.50828445884812
1496	-219.59512445436295
1497	-219.589560525845
1498	-222.26797487671072
1499	-222.2618344707853
1500	-212.495224222758
1501	-212.49058041831597
1502	-216.36309168278373
1503	-216.35188104763435
1504	-223.79683716984
1505	-223.7726717320012
1506	-247.54325293788892
1507	-247.5329296247595
1508	-213.3477578543783
1509	-213.33786897513923
1510	-225.36045707843965
1511	-225.3568363340272
1512	-228.19106750037793
1513	-228.18054088653474
1514	-222.35802550219134
1515	-222.34419324599378
1516	-190.05475814187648
1517	-190.04835900123578
1518	-236.57241943438612
1519	-236.56774934133986
1520	-216.9936820049028
1521	-216.98584020186655
1522	-233.8052170366662
1523	-233.79636707907076
1524	-190.6346790298617
1525	-190.6229547645098
1526	-216.05177014640293
1527	-216.03876333950143
1528	-239.02679467883397
1529	-239.01261065995712
1530	-208.20131105031098
1531	-208.19520334425738
1532	-212.67631023167056
1533	-212.6737912601675
1534	-234.25436397268402
1535	-234.24022369045696
1536	-222.5906406815804
1537	-222.5739816927767
1538	-236.7695238204357
1539	-236.7491827602254
1540	-224.30366588392368
1541	-224.29814059230725
1542	-203.7738691777365
1543	-203.76786718337647
1544	-231.27604931008597
1545	-231.2546070140366
1546	-221.85534419173695
1547	-221.845625259125
1548	-235.32987749861596
1549	-235.32012094927788
1550	-222.04796382457985
1551	-222.03143520729805
1552	-231.76940280843334
1553	-231.76111849685086
1554	-223.80764977683646
1555	-223.79820872548737
1556	-227.09295744569394
1557	-227.06581068104026
1558	-244.4946749560895
1559	-244.47867015412746
1560	-235.01091963427336
1561	-235.00051299597686
1562	-237.6471081497866
1563	-237.6408734073576
1564	-258.73833424154276
1565	-258.72857174263237
1566	-229.67771613057656
1567	-229.6742303406424
1568	-227.78178468706759
1569	-227.76900546677464
1570	-221.84171067196291
1571	-221.8362409338798
1572	-237.20847895071873
1573	-237.19672541297547
1574	-224.33598988282117
1575	-224.33031370310596
1576	-203.64418620199405
1577	-203.63852957783627
1578	-209.3122396260023
1579	-209.30599986402032
1580	-261.6715403065378
1581	-261.6643807885835
1582	-220.76922463916117
1583	-220.7647886062468
1584	-246.5969036080998
1585	-246.58904661570568
1586	-189.66804978765163
1587	-189.6628679604691
1588	-254.10444229469724
1589	-254.08476922426806
1590	-190.30500237702515
1591	-190.29991154035673
1592	-228.79038783713125
1593	-228.78551970456834
1594	-223.8048912505086
1595	-223.76983356782702
1596	-216.3944275021065
1597	-216.39020214339638
1598	-209.3875863968537
1599	-209.38055742945
1600	-224.06570956752404
1601	-224.05989329321952
1602	-230.42773780649273
1603	-230.42279191136973
1604	-232.45173572305526
1605	-232.43974348927003
1606	-194.49977686751095
1607	-194.49528820390606
1608	-216.78055830659733
1609	-216.77463328635162
1610	-192.4449198870928
1611	-192.43978105197834
1612	-237.0072852783689
1613	-236.99929931724398
1614	-205.6739251187906
1615	-205.6688854683504
1616	-216.87320240737176
1617	-216.86747852146476
1618	-199.52743946128106
1619	-199.51722764945544
1620	-229.5519414124094
1621	-229.54786959768413
1622	-231.82099237140122
1623	-231.8105668942561
1624	-233.82544980016817
1625	-233.82065935782754
1626	-219.52946047381266
1627	-219.52667905551047
1628	-196.8748269514604
1629	-196.86875316708984
1630	-223.65130699953096
1631	-223.64390098402131
1632	-214.6212072169836
1633	-214.6153235344017
1634	-225.92993103296456
1635	-225.92715282787927
1636	-254.87963937232436
1637	-254.86513812704771
1638	-205.99271749498163
1639	-205.98408296466326
1640	-229.24697516377182
1641	-229.2382749680893
1642	-201.60545877754777
1643	-201.60244069401472
1644	-225.98399596752728
1645	-225.95466401828853
1646	-253.06607896846543
1647	-253.05068529232796
1648	-226.61486379297577
1649	-226.60500933373743
1650	-246.00354315207596
1651	-245.98576862639752
1652	-210.64899313516636
1653	-210.64050882141402
1654	-224.16830063607196
1655	-224.16131971067117
1656	-248.0380493926362
1657	-248.0297433064238
1658	-212.8305439304847
1659	-212.8263983503985
1660	-237.8502390751452
1661	-237.84068146749377
1662	-225.3890414356523
1663	-225.38199127361335
1664	-234.06012941645375
1665	-234.04833160784656
1666	-240.15300155889247
1667	-240.14474371878865
1668	-251.6608146375009
1669	-251.6551953524121
1670	-226.12919961573064
1671	-226.11587031697715
1672	-220.74171614870338
1673	-220.7321991698337
1674	-241.72052388289984
1675	-241.71193100062166
1676	-245.89516664434953
1677	-245.88211490232902
1678	-221.3716460994767
1679	-221.3578096138265
1680	-231.35279407173638
1681	-231.33924300203898
1682	-253.88013141723192
1683	-253.86523843900022
1684	-243.5111707087283
1685	-243.5014439524694
1686	-241.75939776043646
1687	-241.7434552460736
1688	-240.83920850269814
1689	-240.8212444625646
1690	-235.11267948389383
1691	-235.09961504185284
1692	-238.00883655563405
1693	-237.9878661989299
1694	-223.47697068474866
1695	-223.4694609930969
1696	-230.00263580661755
1697	-229.99697692943033
1698	-240.83044519169064
1699	-240.81978015709586
1700	-237.20345646576914
1701	-237.19144291906667
1702	-232.0288748597602
1703	-232.02086164578503
1704	-233.08477195587867
1705	-233.0789461206833
1706	-208.2787715949812
1707	-208.26717366606576
1708	-242.8446675894894
1709	-242.8341143616392
1710	-231.81716501445908
1711	-231.80876715014656
1712	-219.78692460179397
1713	-219.7815932715873
1714	-219.77627442229343
1715	-219.77096787043325
1716	-234.02154638496407
1717	-234.01406005435936
1718	-242.43673853166618
1719	-242.42203452636787
1720	-239.32389668583485
1721	-239.31411035152024
1722	-242.27651249050322
1723	-242.26414611534634
1724	-216.0649044464602
1725	-216.05396048159312
1726	-217.9621850489439
1727	-217.95299509908352
1728	-219.05403188408542
1729	-219.04692475278645
1730	-240.63211673191958
1731	-240.62471118532352
1732	-232.7862837008152
1733	-232.76708984958495
1734	-216.96185637137478
1735	-216.95337998206887
1736	-237.664220893123
1737	-237.65136545040207
1738	-217.26667215533647
1739	-217.25997225546746
1740	-229.05830386471422
1741	-229.04616281232472
1742	-231.61262135229768
1743	-231.6047197071856
1744	-234.9362809719471
1745	-234.92362117983922
1746	-199.01437319427058
1747	-199.01087808302765
1748	-247.98164258037156
1749	-247.9775168089331
1750	-229.13727732792805
1751	-229.12733436019542
1752	-249.5871146203183
1753	-249.57883476376327
1754	-229.53829201402885
1755	-229.5297193269925
1756	-211.0636280881065
1757	-211.05789879301324
1758	-232.14331674331646
1759	-232.12878463113597
1760	-231.12950645706294
1761	-231.12638644131616
1762	-232.84618781128216
1763	-232.8407638505567
1764	-249.16653778107872
1765	-249.1591321236525
1766	-210.22452378658625
1767	-210.21737956416848
1768	-261.8109828851391
1769	-261.79357447613796
1770	-246.973216009176
1771	-246.97030233626035
1772	-216.07349907188808
1773	-216.06615883844213
1774	-237.8182495765711
1775	-237.81271015836657
1776	-204.87505396701667
1777	-204.87046037225846
1778	-255.4614865414142
1779	-255.4575930443103
1780	-204.68957671541128
1781	-204.68370366566526
1782	-228.1999910564417
1783	-228.19407543294156
1784	-221.46210543353334
1785	-221.45652210897828
1786	-227.10651733990434
1787	-227.1012569887617
1788	-233.46772901714544
1789	-233.4601830887804
1790	-248.47968094556632
1791	-248.47069689687643
1792	-249.56291400448464
1793	-249.55751363485032
1794	-217.3551868274219
1795	-217.3496324278934
1796	-233.77637129305265
1797	-233.77039895820212
1798	-239.99054678147644
1799	-239.98622180672274
1800	-237.27737823801465
1801	-237.26225606611865
1802	-228.30701168702808
1803	-228.30194198886994
1804	-230.1314958863482
1805	-230.12745838050404
1806	-232.35543399407123
1807	-232.34384313751687
1808	-229.89924241958775
1809	-229.89318842763865
1810	-221.94205060477927
1811	-221.93960045431626
1812	-226.97521787509444
1813	-226.96629136537473
1814	-245.95732558541667
1815	-245.94877876674096
1816	-222.75626917074706
1817	-222.75088112911436
1818	-236.8460348948018
1819	-236.8391354172772
1820	-255.68157967203902
1821	-255.67750843442744
1822	-251.49115528224212
1823	-251.4833258564443
1824	-241.37685620422252
1825	-241.3739545373612
1826	-222.37572128405267
1827	-222.36801413036838
1828	-212.4266980568459
1829	-212.4206681001229
1830	-242.52674910624035
1831	-242.51056993444948
1832	-211.58460631682215
1833	-211.57999291805476
1834	-217.73313437609576
1835	-217.71367524003892
1836	-218.03272491535787
1837	-218.02611155469089
1838	-227.33584950152581
1839	-227.3310341143981
1840	-219.9657045341845
1841	-219.9574907029082
1842	-215.28694224090884
1843	-215.27941089171665
1844	-246.45200051155535
1845	-246.43571415772445
1846	-212.51298274591053
1847	-212.5050244681396
1848	-226.55680513453595
1849	-226.54878411224584
1850	-223.20813627292034
1851	-223.19774444003355
1852	-227.90229810021907
1853	-227.89598572249602
1854	-238.79057441967691
1855	-238.78235945653762
1856	-229.83874463682437
1857	-229.8319404185363
1858	-220.05046955190406
1859	-220.03944040570423
1860	-239.9300344599761
1861	-239.92240224185392
1862	-234.26383592445345
1863	-234.25993875913485
1864	-238.20115786842317
1865	-238.1966840845739
1866	-240.08802712132956
1867	-240.08147624311374
1868	-229.7351050102845
1869	-229.72543811318582
1870	-240.63796985811484
1871	-240.63143774323564
1872	-239.86513274923146
1873	-239.85766404055366
1874	-225.27293664688926
1875	-225.2667263436215
1876	-256.24864403881014
1877	-256.2424926041269
1878	-226.5611395625825
1879	-226.55312968502813
1880	-215.8164407981889
1881	-215.8066689743698
1882	-254.1859888256611
1883	-254.17589164082173
1884	-230.34481889270265
1885	-230.34099486260655
1886	-253.0876527913271
1887	-253.0841539752388
1888	-238.6984540004903
1889	-238.68957234335136
1890	-221.03326058362077
1891	-221.0254292911048
1892	-230.6742549311431
1893	-230.6676304097898
1894	-209.37297982309377
1895	-209.36590178859083
1896	-224.82887663802543
1897	-224.82442191966769
1898	-220.4326256664553
1899	-220.4248956862045
1900	-218.10156329872675
1901	-218.0970105441229
1902	-238.06706923341696
1903	-238.05508660599384
1904	-236.93316377978437
1905	-236.92388146693634
1906	-239.14879941642587
1907	-239.14269752032277
1908	-241.05591958927934
1909	-241.0521857765024
1910	-244.40383161735525
1911	-244.398337987781
1912	-249.35939766793987
1913	-249.35637141318892
1914	-234.3663559106484
1915	-234.35889980267956
1916	-252.89702440368407
1917	-252.89007638479774
1918	-228.51383867846687
1919	-228.5077510797706
1920	-258.7866934438063
1921	-258.781214655761
1922	-222.05594823919208
1923	-222.04811802140017
1924	-218.46236222978
1925	-218.45973501638326
1926	-211.02393364680162
1927	-211.01165511752177
1928	-215.47534511818117
1929	-215.47013438459962
1930	-247.18862658623942
1931	-247.18184862876126
1932	-217.64147158057207
1933	-217.62737539921645
1934	-246.7616808357053
1935	-246.74966614161357
1936	-242.56473803456262
1937	-242.5565632012909
1938	-238.93796041384553
1939	-238.93418296167408
1940	-223.13772536483037
1941	-223.13148101408277
1942	-241.86819213099855
1943	-241.86244554193794
1944	-219.70130710542364
1945	-219.69684881068602
1946	-240.8140177952732
1947	-240.8066907602707
1948	-218.1856092868786
1949	-218.17227241229105
1950	-206.43460046473987
1951	-206.42195768352124
1952	-236.51034510544503
1953	-236.49977789951365
1954	-221.8975935424787
1955	-221.8931678502708
1956	-244.5568153120934
1957	-244.55035911203856
1958	-218.49254729290132
1959	-218.48644589998213
1960	-241.564967088421
1961	-241.56278381445415
1962	-214.3615168018465
1963	-214.3568958737076
1964	-268.7565471309706
1965	-268.7326194440561
1966	-245.05337136069826
1967	-245.04677993589357
1968	-242.2121761798538
1969	-242.2037431449941
1970	-223.15621876449126
1971	-223.14908560823147
1972	-234.82821727326683
1973	-234.81834029284838
1974	-243.35861216829625
1975	-243.35420257935365
1976	-251.59890197334408
1977	-251.58569085697584
1978	-239.62399088521556
1979	-239.61653837404415
1980	-206.57992665136464
1981	-206.5733160882192
1982	-253.52632749389298
1983	-253.51787884992197
1984	-227.5942407802119
1985	-227.5902226970953
1986	-233.39908503238843
1987	-233.38176108190618
1988	-236.21276790377354
1989	-236.20778401878604
1990	-237.41120282160813
1991	-237.40055167508243
1992	-257.84199412354525
1993	-257.8383635572115
1994	-226.66027887785168
1995	-226.65596312985525
1996	-217.2339976106208
1997	-217.23152403383853
1998	-237.99413581320266
1999	-237.9849971822756
