0	0.61
1	0.665
2	0.61
3	0.62
4	0.61
5	0.585
6	0.645
7	0.675
8	0.6
9	0.61
10	0.665
11	0.665
12	0.605
13	0.595
14	0.685
15	0.67
16	0.68
17	0.665
18	0.62
19	0.58
20	0.69
21	0.61
22	0.65
23	0.67
24	0.64
25	0.655
26	0.645
27	0.72
28	0.63
29	0.565
30	0.55
31	0.635
32	0.67
33	0.585
34	0.61
35	0.58
36	0.615
37	0.635
38	0.635
39	0.58
40	0.685
41	0.67
42	0.69
43	0.615
44	0.615
45	0.62
46	0.625
47	0.705
48	0.655
49	0.665
50	0.67
51	0.585
52	0.665
53	0.64
54	0.64
55	0.705
56	0.665
57	0.605
58	0.715
59	0.69
60	0.685
61	0.635
62	0.59
63	0.68
64	0.61
65	0.665
66	0.705
67	0.65
68	0.675
69	0.655
70	0.665
71	0.67
72	0.66
73	0.625
74	0.665
75	0.72
76	0.705
77	0.695
78	0.655
79	0.66
80	0.63
81	0.61
82	0.695
83	0.655
84	0.64
85	0.695
86	0.69
87	0.65
88	0.69
89	0.645
90	0.705
91	0.785
92	0.655
93	0.68
94	0.685
95	0.66
96	0.7
97	0.745
98	0.73
99	0.7
100	0.755
101	0.68
102	0.735
103	0.7
104	0.74
105	0.69
106	0.705
107	0.695
108	0.615
109	0.705
110	0.68
111	0.7
112	0.73
113	0.765
114	0.725
115	0.73
116	0.76
117	0.68
118	0.755
119	0.72
120	0.725
121	0.725
122	0.815
123	0.73
124	0.7
125	0.775
126	0.73
127	0.725
128	0.69
129	0.77
130	0.745
131	0.715
132	0.77
133	0.73
134	0.7
135	0.775
136	0.79
137	0.745
138	0.73
139	0.775
140	0.73
141	0.685
142	0.785
143	0.72
144	0.77
145	0.78
146	0.78
147	0.725
148	0.805
149	0.775
150	0.79
151	0.765
152	0.755
153	0.79
154	0.79
155	0.78
156	0.76
157	0.81
158	0.79
159	0.755
160	0.795
161	0.8
162	0.78
163	0.8
164	0.8
165	0.835
166	0.78
167	0.765
168	0.775
169	0.805
170	0.76
171	0.835
172	0.805
173	0.815
174	0.795
175	0.84
176	0.81
177	0.81
178	0.82
179	0.825
180	0.82
181	0.81
182	0.815
183	0.8
184	0.825
185	0.835
186	0.81
187	0.82
188	0.835
189	0.79
190	0.815
191	0.8
192	0.805
193	0.8
194	0.835
195	0.875
196	0.89
197	0.825
198	0.775
199	0.78
200	0.875
201	0.825
202	0.855
203	0.8
204	0.825
205	0.82
206	0.85
207	0.85
208	0.835
209	0.855
210	0.8
211	0.84
212	0.855
213	0.815
214	0.845
215	0.85
216	0.86
217	0.805
218	0.87
219	0.825
220	0.86
221	0.89
222	0.815
223	0.87
224	0.855
225	0.84
226	0.855
227	0.83
228	0.855
229	0.83
230	0.88
231	0.865
232	0.835
233	0.83
234	0.84
235	0.865
236	0.865
237	0.84
238	0.9
239	0.85
240	0.9
241	0.86
242	0.85
243	0.9
244	0.875
245	0.845
246	0.9
247	0.85
248	0.88
249	0.865
250	0.855
251	0.885
252	0.87
253	0.85
254	0.885
255	0.85
256	0.905
257	0.82
258	0.895
259	0.855
260	0.895
261	0.92
262	0.88
263	0.845
264	0.89
265	0.92
266	0.86
267	0.88
268	0.87
269	0.9
270	0.9
271	0.9
272	0.85
273	0.875
274	0.885
275	0.895
276	0.89
277	0.925
278	0.87
279	0.875
280	0.9
281	0.875
282	0.84
283	0.885
284	0.92
285	0.905
286	0.895
287	0.9
288	0.86
289	0.89
290	0.865
291	0.9
292	0.885
293	0.855
294	0.885
295	0.895
296	0.87
297	0.9
298	0.875
299	0.895
300	0.925
301	0.88
302	0.895
303	0.89
304	0.925
305	0.825
306	0.88
307	0.92
308	0.88
309	0.86
310	0.905
311	0.915
312	0.895
313	0.905
314	0.89
315	0.945
316	0.93
317	0.9
318	0.905
319	0.91
320	0.895
321	0.915
322	0.925
323	0.92
324	0.905
325	0.925
326	0.915
327	0.87
328	0.91
329	0.915
330	0.865
331	0.93
332	0.84
333	0.905
334	0.915
335	0.945
336	0.885
337	0.885
338	0.88
339	0.885
340	0.955
341	0.915
342	0.89
343	0.89
344	0.915
345	0.915
346	0.985
347	0.905
348	0.885
349	0.905
350	0.93
351	0.935
352	0.895
353	0.935
354	0.925
355	0.9
356	0.9
357	0.91
358	0.89
359	0.915
360	0.93
361	0.89
362	0.89
363	0.905
364	0.905
365	0.93
366	0.91
367	0.9
368	0.91
369	0.965
370	0.885
371	0.95
372	0.935
373	0.95
374	0.885
375	0.885
376	0.945
377	0.925
378	0.9
379	0.925
380	0.905
381	0.9
382	0.915
383	0.895
384	0.91
385	0.945
386	0.935
387	0.955
388	0.895
389	0.91
390	0.92
391	0.93
392	0.94
393	0.95
394	0.905
395	0.9
396	0.935
397	0.925
398	0.93
399	0.915
400	0.945
401	0.93
402	0.945
403	0.92
404	0.925
405	0.93
406	0.935
407	0.95
408	0.93
409	0.965
410	0.925
411	0.93
412	0.925
413	0.915
414	0.905
415	0.94
416	0.915
417	0.895
418	0.95
419	0.9
420	0.905
421	0.935
422	0.93
423	0.95
424	0.905
425	0.93
426	0.93
427	0.925
428	0.925
429	0.94
430	0.95
431	0.93
432	0.95
433	0.92
434	0.945
435	0.93
436	0.93
437	0.94
438	0.93
439	0.935
440	0.945
441	0.965
442	0.945
443	0.95
444	0.93
445	0.93
446	0.915
447	0.945
448	0.92
449	0.93
450	0.895
451	0.935
452	0.925
453	0.93
454	0.94
455	0.875
456	0.96
457	0.935
458	0.885
459	0.915
460	0.955
461	0.95
462	0.965
463	0.945
464	0.965
465	0.935
466	0.915
467	0.945
468	0.9
469	0.945
470	0.915
471	0.93
472	0.955
473	0.91
474	0.935
475	0.935
476	0.94
477	0.95
478	0.965
479	0.935
480	0.965
481	0.945
482	0.95
483	0.93
484	0.94
485	0.935
486	0.945
487	0.94
488	0.945
489	0.93
490	0.905
491	0.925
492	0.945
493	0.95
494	0.935
495	0.945
496	0.945
497	0.955
498	0.95
499	0.96
500	0.96
501	0.945
502	0.945
503	0.93
504	0.955
505	0.95
506	0.93
507	0.925
508	0.925
509	0.965
510	0.945
511	0.935
512	0.93
513	0.97
514	0.955
515	0.97
516	0.95
517	0.925
518	0.955
519	0.945
520	0.935
521	0.955
522	0.895
523	0.945
524	0.95
525	0.93
526	0.98
527	0.95
528	0.955
529	0.925
530	0.945
531	0.93
532	0.92
533	0.955
534	0.935
535	0.94
536	0.94
537	0.94
538	0.935
539	0.97
540	0.945
541	0.93
542	0.93
543	0.935
544	0.945
545	0.95
546	0.92
547	0.94
548	0.955
549	0.95
550	0.94
551	0.955
552	0.945
553	0.9
554	0.935
555	0.96
556	0.955
557	0.95
558	0.965
559	0.96
560	0.915
561	0.935
562	0.93
563	0.96
564	0.965
565	0.945
566	0.94
567	0.945
568	0.96
569	0.945
570	0.975
571	0.925
572	0.94
573	0.95
574	0.935
575	0.94
576	0.93
577	0.945
578	0.98
579	0.96
580	0.98
581	0.925
582	0.91
583	0.945
584	0.97
585	0.915
586	0.955
587	0.965
588	0.96
589	0.945
590	0.945
591	0.945
592	0.955
593	0.955
594	0.92
595	0.98
596	0.96
597	0.97
598	0.975
599	0.96
600	0.955
601	0.97
602	0.94
603	0.975
604	0.945
605	0.935
606	0.97
607	0.97
608	0.945
609	0.955
610	0.96
611	0.92
612	0.96
613	0.955
614	0.935
615	0.935
616	0.94
617	0.935
618	0.955
619	0.965
620	0.96
621	0.965
622	0.945
623	0.96
624	0.965
625	0.955
626	0.945
627	0.965
628	0.975
629	0.97
630	0.99
631	0.955
632	0.965
633	0.925
634	0.97
635	0.955
636	0.96
637	0.97
638	0.955
639	0.965
640	0.96
641	0.94
642	0.945
643	0.975
644	0.965
645	0.97
646	0.965
647	0.96
648	0.95
649	0.96
650	0.96
651	0.955
652	0.95
653	0.94
654	0.945
655	0.96
656	0.955
657	0.945
658	0.95
659	0.955
660	0.955
661	0.96
662	0.955
663	0.95
664	0.965
665	0.97
666	0.945
667	0.945
668	0.965
669	0.96
670	0.97
671	0.96
672	0.94
673	0.96
674	0.96
675	0.95
676	0.96
677	0.955
678	0.925
679	0.945
680	0.99
681	0.935
682	0.97
683	0.97
684	0.95
685	0.945
686	0.97
687	0.94
688	0.935
689	0.97
690	0.975
691	0.98
692	0.96
693	0.98
694	0.975
695	0.945
696	0.96
697	0.945
698	0.935
699	0.97
700	0.97
701	0.97
702	0.975
703	0.955
704	0.94
705	0.95
706	0.975
707	0.965
708	0.965
709	0.995
710	0.955
711	0.97
712	0.965
713	0.975
714	0.97
715	0.955
716	0.975
717	0.945
718	0.98
719	0.945
720	0.96
721	0.95
722	0.98
723	0.965
724	0.94
725	0.98
726	0.95
727	0.975
728	0.975
729	0.96
730	0.955
731	0.945
732	0.95
733	0.95
734	0.98
735	0.945
736	0.96
737	0.965
738	0.96
739	0.965
740	0.94
741	0.97
742	0.96
743	0.96
744	0.965
745	0.955
746	0.96
747	0.98
748	0.96
749	0.99
750	0.955
751	0.975
752	0.965
753	0.95
754	0.96
755	0.97
756	0.95
757	0.985
758	0.955
759	0.98
760	0.985
761	0.955
762	0.965
763	0.98
764	0.955
765	0.97
766	0.955
767	0.96
768	0.98
769	0.95
770	0.945
771	0.95
772	0.95
773	0.965
774	0.96
775	0.94
776	0.975
777	0.935
778	0.955
779	0.96
780	0.965
781	0.95
782	0.955
783	0.96
784	0.945
785	0.975
786	0.965
787	0.955
788	0.985
789	0.965
790	0.955
791	0.955
792	0.97
793	0.96
794	0.95
795	0.975
796	0.945
797	0.955
798	0.925
799	0.96
800	0.975
801	0.97
802	0.95
803	0.96
804	0.98
805	0.95
806	0.97
807	0.985
808	0.945
809	0.935
810	0.955
811	0.975
812	0.975
813	0.925
814	0.985
815	0.975
816	0.98
817	0.975
818	0.945
819	0.975
820	0.98
821	0.955
822	0.965
823	0.96
824	0.95
825	0.95
826	0.95
827	0.95
828	0.95
829	0.975
830	0.98
831	0.965
832	0.97
833	0.97
834	0.975
835	0.97
836	0.97
837	0.97
838	0.96
839	0.97
840	0.95
841	0.96
842	0.93
843	0.95
844	0.97
845	0.97
846	0.94
847	0.945
848	0.975
849	0.965
850	0.975
851	0.975
852	0.975
853	0.98
854	0.985
855	0.975
856	0.97
857	0.97
858	0.945
859	0.965
860	0.975
861	0.97
862	0.96
863	0.965
864	0.995
865	0.92
866	0.965
867	0.955
868	0.975
869	0.965
870	0.955
871	0.97
872	0.965
873	0.95
874	0.975
875	0.965
876	0.985
877	0.97
878	0.995
879	0.98
880	0.97
881	0.955
882	0.965
883	0.96
884	0.98
885	0.975
886	0.96
887	0.975
888	0.96
889	0.96
890	0.985
891	1.0
892	0.97
893	0.97
894	0.975
895	0.98
896	0.945
897	0.955
898	0.95
899	0.975
900	0.965
901	0.97
902	0.975
903	0.955
904	0.965
905	0.98
906	0.975
907	0.975
908	0.965
909	0.945
910	0.98
911	0.965
912	0.975
913	0.94
914	0.98
915	0.96
916	0.975
917	0.97
918	0.97
919	0.98
920	0.945
921	0.975
922	0.98
923	0.965
924	0.97
925	0.98
926	0.995
927	0.99
928	0.955
929	0.98
930	0.99
931	0.97
932	0.98
933	0.965
934	0.99
935	0.965
936	0.965
937	0.98
938	0.96
939	1.0
940	0.975
941	0.98
942	0.975
943	0.985
944	0.94
945	0.975
946	0.97
947	0.97
948	0.975
949	0.975
950	0.98
951	0.97
952	0.985
953	0.975
954	0.98
955	0.995
956	0.97
957	0.96
958	0.97
959	0.975
960	0.985
961	0.975
962	0.975
963	0.985
964	0.985
965	0.955
966	0.98
967	0.97
968	0.975
969	0.975
970	0.98
971	0.97
972	0.98
973	0.965
974	0.975
975	0.975
976	0.98
977	0.985
978	0.98
979	0.975
980	0.98
981	0.965
982	0.96
983	0.975
984	0.965
985	0.965
986	0.975
987	0.945
988	0.97
989	0.975
990	0.97
991	0.98
992	0.975
993	0.97
994	0.975
995	0.96
996	0.97
997	0.96
998	0.98
999	0.975
1000	0.975
1001	0.975
1002	0.965
1003	0.94
1004	0.965
1005	0.97
1006	0.95
1007	0.955
1008	0.985
1009	0.96
1010	0.99
1011	0.965
1012	0.965
1013	0.99
1014	0.985
1015	0.975
1016	0.985
1017	0.955
1018	0.985
1019	0.98
1020	0.96
1021	0.99
1022	0.975
1023	0.97
1024	0.975
1025	0.985
1026	0.95
1027	0.95
1028	0.98
1029	0.98
1030	0.99
1031	0.975
1032	0.975
1033	0.99
1034	0.975
1035	0.975
1036	0.985
1037	0.985
1038	0.985
1039	0.955
1040	0.945
1041	0.975
1042	0.985
1043	0.99
1044	0.99
1045	0.995
1046	0.98
1047	0.97
1048	0.98
1049	0.99
1050	0.97
1051	0.985
1052	0.98
1053	0.955
1054	0.97
1055	0.975
1056	0.97
1057	0.98
1058	0.99
1059	0.98
1060	0.99
1061	0.985
1062	0.97
1063	0.98
1064	0.98
1065	0.97
1066	0.96
1067	0.97
1068	0.97
1069	0.96
1070	0.99
1071	0.97
1072	0.985
1073	0.98
1074	0.975
1075	0.98
1076	0.955
1077	0.97
1078	0.97
1079	0.975
1080	0.975
1081	0.975
1082	0.965
1083	0.965
1084	0.96
1085	0.97
1086	0.96
1087	0.975
1088	0.99
1089	0.97
1090	0.96
1091	0.975
1092	0.975
1093	0.985
1094	0.98
1095	0.96
1096	0.98
1097	0.97
1098	0.98
1099	0.98
1100	0.97
1101	0.95
1102	0.97
1103	0.98
1104	0.98
1105	0.985
1106	0.99
1107	0.965
1108	0.975
1109	0.96
1110	0.985
1111	0.965
1112	0.96
1113	0.975
1114	0.965
1115	0.99
1116	0.98
1117	0.975
1118	0.975
1119	0.99
1120	0.97
1121	0.985
1122	0.98
1123	0.95
1124	0.995
1125	0.98
1126	0.975
1127	0.98
1128	0.955
1129	0.99
1130	0.98
1131	0.96
1132	0.98
1133	0.98
1134	0.985
1135	0.96
1136	0.96
1137	0.99
1138	0.985
1139	0.945
1140	0.965
1141	0.965
1142	0.955
1143	0.975
1144	0.975
1145	0.965
1146	0.98
1147	0.975
1148	0.955
1149	0.985
1150	0.99
1151	0.995
1152	0.98
1153	0.965
1154	0.975
1155	0.97
1156	0.99
1157	0.985
1158	0.99
1159	0.955
1160	0.975
1161	0.98
1162	0.965
1163	0.96
1164	0.97
1165	0.975
1166	0.96
1167	0.98
1168	0.975
1169	0.98
1170	0.975
1171	0.99
1172	0.975
1173	0.98
1174	0.97
1175	0.955
1176	0.97
1177	0.97
1178	0.95
1179	0.99
1180	0.99
1181	0.965
1182	0.98
1183	0.995
1184	0.98
1185	0.99
1186	0.98
1187	0.99
1188	0.99
1189	0.975
1190	0.985
1191	0.985
1192	0.975
1193	0.96
1194	0.99
1195	0.975
1196	0.99
1197	0.965
1198	0.985
1199	0.965
1200	0.985
1201	0.96
1202	0.96
1203	0.98
1204	0.975
1205	0.97
1206	0.98
1207	0.97
1208	0.995
1209	0.955
1210	0.975
1211	0.99
1212	0.965
1213	0.975
1214	0.965
1215	0.965
1216	0.975
1217	0.97
1218	0.96
1219	0.995
1220	0.98
1221	0.975
1222	0.975
1223	0.975
1224	0.98
1225	0.98
1226	0.965
1227	0.975
1228	0.97
1229	0.995
1230	0.97
1231	0.985
1232	0.97
1233	0.99
1234	0.96
1235	0.98
1236	0.96
1237	0.965
1238	0.965
1239	0.98
1240	0.96
1241	0.99
1242	0.98
1243	0.985
1244	0.985
1245	0.975
1246	0.98
1247	0.995
1248	0.965
1249	0.99
1250	0.985
1251	0.97
1252	0.955
1253	0.98
1254	0.985
1255	0.99
1256	0.985
1257	0.99
1258	0.995
1259	0.985
1260	0.99
1261	0.985
1262	0.98
1263	0.97
1264	0.995
1265	0.975
1266	0.98
1267	0.98
1268	0.985
1269	0.975
1270	0.98
1271	0.97
1272	0.97
1273	0.965
1274	0.99
1275	0.99
1276	1.0
1277	0.985
1278	0.985
1279	0.955
1280	0.975
1281	0.97
1282	0.99
1283	0.97
1284	0.99
1285	0.995
1286	0.985
1287	0.985
1288	0.965
1289	0.97
1290	0.985
1291	0.96
1292	0.985
1293	0.99
1294	0.99
1295	0.98
1296	0.98
1297	0.98
1298	0.99
1299	0.975
1300	0.985
1301	0.985
1302	0.975
1303	0.98
1304	0.985
1305	0.99
1306	0.985
1307	0.975
1308	0.975
1309	0.975
1310	0.985
1311	0.99
1312	0.97
1313	0.985
1314	0.98
1315	0.975
1316	0.955
1317	0.99
1318	0.975
1319	0.955
1320	0.995
1321	0.985
1322	0.985
1323	0.965
1324	0.975
1325	0.975
1326	0.97
1327	0.985
1328	0.95
1329	0.97
1330	0.975
1331	0.985
1332	0.965
1333	0.985
1334	0.98
1335	0.975
1336	0.97
1337	0.99
1338	0.98
1339	0.97
1340	0.985
1341	0.97
1342	0.975
1343	0.985
1344	0.99
1345	0.99
1346	0.975
1347	0.985
1348	0.97
1349	0.98
1350	0.985
1351	0.99
1352	0.99
1353	0.975
1354	0.99
1355	0.985
1356	0.99
1357	0.965
1358	0.975
1359	0.975
1360	0.98
1361	0.955
1362	0.99
1363	0.98
1364	0.965
1365	0.99
1366	0.985
1367	0.97
1368	0.98
1369	0.98
1370	0.99
1371	0.985
1372	0.985
1373	0.985
1374	0.965
1375	0.975
1376	0.975
1377	0.99
1378	0.985
1379	0.99
1380	0.96
1381	0.985
1382	0.99
1383	0.975
1384	0.98
1385	0.98
1386	0.99
1387	0.98
1388	0.985
1389	0.98
1390	0.97
1391	0.985
1392	0.97
1393	0.96
1394	0.99
1395	0.98
1396	0.975
1397	0.98
1398	0.975
1399	0.99
1400	0.975
1401	0.975
1402	0.995
1403	0.99
1404	0.965
1405	0.985
1406	0.99
1407	0.975
1408	0.975
1409	0.97
1410	0.98
1411	0.995
1412	0.98
1413	0.995
1414	0.995
1415	0.97
1416	0.975
1417	0.99
1418	0.99
1419	0.98
1420	0.975
1421	0.985
1422	0.99
1423	0.97
1424	0.995
1425	0.97
1426	0.975
1427	0.98
1428	0.975
1429	0.99
1430	0.975
1431	0.975
1432	0.99
1433	0.98
1434	0.99
1435	0.97
1436	0.98
1437	0.985
1438	0.98
1439	0.99
1440	0.97
1441	0.975
1442	0.97
1443	0.975
1444	0.975
1445	0.99
1446	0.98
1447	0.99
1448	0.98
1449	0.98
1450	0.995
1451	0.98
1452	0.985
1453	0.955
1454	0.965
1455	0.975
1456	0.975
1457	0.975
1458	0.975
1459	0.985
1460	0.97
1461	0.985
1462	0.995
1463	0.98
1464	0.98
1465	0.985
1466	0.98
1467	0.985
1468	0.99
1469	0.985
1470	0.975
1471	0.975
1472	0.97
1473	0.97
1474	0.97
1475	0.99
1476	0.99
1477	0.98
1478	0.965
1479	0.99
1480	0.99
1481	0.975
1482	0.98
1483	0.995
1484	0.965
1485	0.975
1486	1.0
1487	0.98
1488	0.995
1489	0.97
1490	0.965
1491	0.98
1492	0.985
1493	0.97
1494	0.975
1495	0.965
1496	0.99
1497	0.99
1498	0.975
1499	0.995
1500	0.98
1501	0.99
1502	0.975
1503	0.98
1504	0.965
1505	0.99
1506	0.975
1507	0.995
1508	0.975
1509	0.985
1510	0.98
1511	0.97
1512	0.985
1513	0.985
1514	0.98
1515	0.97
1516	0.965
1517	0.98
1518	0.97
1519	0.99
1520	0.98
1521	0.975
1522	0.975
1523	0.98
1524	0.98
1525	0.98
1526	0.98
1527	0.985
1528	0.99
1529	0.99
1530	0.985
1531	0.98
1532	0.985
1533	0.99
1534	0.985
1535	0.985
1536	0.97
1537	0.99
1538	0.985
1539	0.97
1540	0.995
1541	0.985
1542	0.98
1543	0.98
1544	0.975
1545	0.97
1546	0.985
1547	0.985
1548	0.965
1549	0.985
1550	0.975
1551	0.99
1552	0.985
1553	0.965
1554	0.985
1555	0.985
1556	0.985
1557	0.975
1558	0.985
1559	0.995
1560	0.975
1561	0.98
1562	0.995
1563	0.965
1564	0.98
1565	0.975
1566	0.995
1567	0.985
1568	0.965
1569	0.975
1570	0.99
1571	0.985
1572	0.97
1573	0.975
1574	0.985
1575	0.98
1576	0.97
1577	0.99
1578	0.97
1579	0.985
1580	0.995
1581	0.97
1582	0.965
1583	0.975
1584	0.99
1585	0.995
1586	0.99
1587	0.995
1588	0.99
1589	0.985
1590	0.98
1591	0.975
1592	0.985
1593	0.985
1594	0.975
1595	0.97
1596	0.98
1597	0.995
1598	0.99
1599	0.995
1600	0.995
1601	0.975
1602	0.995
1603	0.98
1604	0.985
1605	0.99
1606	0.99
1607	0.985
1608	0.99
1609	0.97
1610	0.99
1611	0.995
1612	0.975
1613	0.965
1614	0.995
1615	0.98
1616	0.995
1617	0.99
1618	0.96
1619	0.99
1620	0.985
1621	0.975
1622	0.99
1623	0.98
1624	0.99
1625	0.975
1626	0.98
1627	0.98
1628	0.99
1629	0.98
1630	0.99
1631	0.985
1632	0.99
1633	0.965
1634	0.985
1635	0.98
1636	0.99
1637	0.98
1638	0.975
1639	0.985
1640	0.985
1641	0.995
1642	0.98
1643	0.995
1644	0.965
1645	0.98
1646	0.97
1647	0.98
1648	0.965
1649	0.98
1650	0.98
1651	0.98
1652	0.995
1653	0.98
1654	0.995
1655	0.99
1656	1.0
1657	0.98
1658	0.98
1659	0.99
1660	1.0
1661	0.98
1662	0.995
1663	1.0
1664	0.985
1665	0.985
1666	0.985
1667	0.97
1668	0.97
1669	0.98
1670	0.995
1671	0.995
1672	0.985
1673	0.985
1674	0.98
1675	0.98
1676	0.975
1677	0.98
1678	0.99
1679	0.975
1680	0.995
1681	0.985
1682	0.98
1683	0.985
1684	0.985
1685	0.995
1686	0.98
1687	0.975
1688	0.99
1689	0.98
1690	0.97
1691	0.98
1692	0.985
1693	0.985
1694	0.975
1695	0.985
1696	0.98
1697	0.98
1698	0.97
1699	0.96
1700	0.965
1701	0.98
1702	0.99
1703	0.975
1704	0.985
1705	0.98
1706	0.975
1707	0.99
1708	0.99
1709	0.98
1710	0.99
1711	0.96
1712	0.985
1713	0.98
1714	0.99
1715	0.97
1716	0.975
1717	0.99
1718	0.985
1719	0.985
1720	0.985
1721	0.965
1722	0.975
1723	0.98
1724	0.98
1725	0.98
1726	0.975
1727	0.99
1728	0.975
1729	0.985
1730	0.99
1731	0.98
1732	0.99
1733	0.985
1734	0.99
1735	0.975
1736	0.98
1737	0.985
1738	0.985
1739	0.97
1740	0.98
1741	0.975
1742	0.99
1743	0.99
1744	0.995
1745	0.995
1746	0.97
1747	0.97
1748	0.975
1749	0.99
1750	0.98
1751	0.985
1752	0.99
1753	0.96
1754	0.98
1755	0.985
1756	0.975
1757	0.98
1758	0.99
1759	0.98
1760	0.985
1761	0.995
1762	0.98
1763	0.975
1764	0.98
1765	0.99
1766	0.99
1767	0.99
1768	0.98
1769	0.985
1770	0.985
1771	0.98
1772	0.98
1773	0.985
1774	0.98
1775	0.99
1776	0.975
1777	0.98
1778	0.965
1779	0.985
1780	0.995
1781	0.975
1782	0.99
1783	0.98
1784	0.97
1785	0.98
1786	0.985
1787	0.995
1788	0.995
1789	0.99
1790	0.985
1791	0.985
1792	0.975
1793	0.97
1794	0.985
1795	0.975
1796	0.985
1797	0.985
1798	0.995
1799	0.99
1800	0.985
1801	0.985
1802	1.0
1803	0.985
1804	0.99
1805	0.975
1806	0.99
1807	0.97
1808	0.99
1809	0.985
1810	0.985
1811	0.98
1812	0.985
1813	0.99
1814	0.98
1815	0.97
1816	0.99
1817	0.955
1818	0.965
1819	0.995
1820	0.98
1821	0.995
1822	0.995
1823	0.985
1824	0.99
1825	0.96
1826	0.97
1827	1.0
1828	0.99
1829	0.995
1830	0.975
1831	0.985
1832	0.98
1833	0.985
1834	0.98
1835	0.99
1836	0.985
1837	0.985
1838	0.995
1839	0.995
1840	0.985
1841	0.985
1842	0.97
1843	0.965
1844	0.995
1845	1.0
1846	0.99
1847	0.975
1848	0.97
1849	0.98
1850	0.98
1851	0.98
1852	0.99
1853	0.98
1854	1.0
1855	0.98
1856	0.985
1857	0.985
1858	0.97
1859	0.985
1860	1.0
1861	0.975
1862	0.985
1863	0.99
1864	0.995
1865	0.97
1866	0.99
1867	0.99
1868	0.98
1869	0.995
1870	0.985
1871	0.99
1872	0.99
1873	0.98
1874	0.98
1875	0.985
1876	0.99
1877	0.99
1878	0.99
1879	0.985
1880	0.985
1881	0.995
1882	0.975
1883	0.985
1884	0.985
1885	1.0
1886	0.99
1887	0.965
1888	0.98
1889	0.985
1890	0.985
1891	0.985
1892	0.98
1893	0.98
1894	0.98
1895	0.985
1896	0.995
1897	0.975
1898	0.985
1899	0.99
1900	0.98
1901	0.955
1902	0.975
1903	0.965
1904	0.985
1905	0.99
1906	0.975
1907	0.985
1908	0.975
1909	0.99
1910	0.99
1911	0.97
1912	0.99
1913	0.985
1914	0.98
1915	0.985
1916	0.96
1917	0.975
1918	0.995
1919	0.99
1920	0.975
1921	0.995
1922	0.975
1923	0.985
1924	0.98
1925	0.965
1926	0.985
1927	0.99
1928	0.99
1929	0.96
1930	0.98
1931	0.975
1932	0.99
1933	0.995
1934	0.985
1935	0.99
1936	1.0
1937	0.99
1938	0.985
1939	0.98
1940	0.99
1941	0.985
1942	0.995
1943	0.985
1944	0.99
1945	1.0
1946	0.985
1947	0.985
1948	0.985
1949	1.0
1950	0.99
1951	0.985
1952	0.985
1953	0.995
1954	0.99
1955	0.985
1956	0.99
1957	0.995
1958	0.98
1959	0.985
1960	0.99
1961	0.97
1962	0.99
1963	0.99
1964	0.995
1965	0.985
1966	0.99
1967	0.98
1968	0.975
1969	0.99
1970	0.995
1971	0.99
1972	0.975
1973	0.965
1974	0.995
1975	0.98
1976	0.99
1977	0.985
1978	0.99
1979	0.985
1980	0.99
1981	0.98
1982	0.975
1983	0.995
1984	0.97
1985	0.985
1986	0.99
1987	0.975
1988	0.98
1989	0.985
1990	0.98
1991	0.97
1992	0.975
1993	0.97
1994	0.985
1995	0.965
1996	0.975
1997	0.995
1998	0.99
1999	0.995
2000	0.965
2001	0.99
2002	0.98
2003	0.995
2004	0.99
2005	0.98
2006	0.985
2007	0.985
2008	0.99
2009	0.985
2010	0.99
2011	0.99
2012	0.98
2013	0.98
2014	0.975
2015	1.0
2016	0.98
2017	0.975
2018	0.99
2019	0.97
2020	0.985
2021	0.99
2022	0.97
2023	0.985
2024	0.975
2025	0.99
2026	0.985
2027	1.0
2028	0.97
2029	0.995
2030	0.975
2031	0.98
2032	0.985
2033	0.975
2034	0.98
2035	0.975
2036	0.98
2037	0.99
2038	0.995
2039	0.985
2040	0.975
2041	0.98
2042	0.98
2043	0.99
2044	0.98
2045	0.985
2046	0.985
2047	0.99
2048	0.985
2049	0.985
2050	0.975
2051	0.99
2052	0.985
2053	0.975
2054	0.99
2055	0.995
2056	0.985
2057	0.985
2058	1.0
2059	0.98
2060	0.995
2061	0.98
2062	0.99
2063	0.99
2064	0.975
2065	0.985
2066	0.98
2067	0.99
2068	0.99
2069	0.98
2070	0.99
2071	0.98
2072	0.965
2073	0.99
2074	0.99
2075	0.995
2076	0.99
2077	0.985
2078	0.985
2079	0.98
2080	0.995
2081	0.98
2082	0.995
2083	0.995
2084	0.985
2085	0.985
2086	0.99
2087	1.0
2088	0.97
2089	0.98
2090	0.97
2091	0.995
2092	0.995
2093	0.99
2094	0.985
2095	0.99
2096	0.965
2097	0.985
2098	0.98
2099	0.99
2100	0.985
2101	0.98
2102	0.995
2103	0.995
2104	0.98
2105	0.99
2106	0.98
2107	0.97
2108	0.98
2109	0.985
2110	1.0
2111	0.98
2112	0.985
2113	0.98
2114	0.995
2115	0.995
2116	0.975
2117	0.995
2118	0.975
2119	0.99
2120	0.97
2121	0.975
2122	0.995
2123	0.995
2124	0.98
2125	1.0
2126	0.995
2127	0.99
2128	0.98
2129	0.99
2130	0.985
2131	0.995
2132	0.99
2133	0.975
2134	1.0
2135	0.98
2136	0.99
2137	0.985
2138	0.995
2139	0.98
2140	0.985
2141	0.99
2142	0.985
2143	0.98
2144	0.99
2145	0.995
2146	0.985
2147	0.99
2148	0.985
2149	1.0
2150	0.99
2151	0.985
2152	0.99
2153	0.995
2154	0.98
2155	0.995
2156	0.99
2157	0.99
2158	1.0
2159	0.985
2160	0.985
2161	0.995
2162	0.985
2163	0.995
2164	0.99
2165	0.99
2166	0.995
2167	1.0
2168	0.97
2169	0.985
2170	0.98
2171	0.99
2172	0.985
2173	0.98
2174	0.99
2175	0.995
2176	0.99
2177	0.99
2178	0.995
2179	0.975
2180	1.0
2181	0.99
2182	0.99
2183	0.98
2184	1.0
2185	0.975
2186	0.985
2187	0.98
2188	0.98
2189	0.975
2190	0.985
2191	0.975
2192	0.995
2193	0.975
2194	0.985
2195	0.99
2196	0.99
2197	0.98
2198	0.995
2199	0.995
2200	0.98
2201	0.99
2202	0.98
2203	0.975
2204	0.995
2205	0.995
2206	0.985
2207	0.995
2208	0.98
2209	0.99
2210	0.98
2211	0.985
2212	0.98
2213	0.98
2214	0.995
2215	0.985
2216	1.0
2217	0.995
2218	0.985
2219	0.99
2220	1.0
2221	0.985
2222	0.995
2223	0.985
2224	0.995
2225	0.985
2226	0.99
2227	0.995
2228	0.995
2229	0.995
2230	1.0
2231	0.985
2232	0.98
2233	1.0
2234	0.985
2235	0.98
2236	1.0
2237	0.98
2238	0.98
2239	0.99
2240	0.99
2241	0.995
2242	0.995
2243	0.99
2244	0.985
2245	0.985
2246	1.0
2247	0.985
2248	0.985
2249	0.995
2250	0.985
2251	0.995
2252	0.99
2253	0.995
2254	0.995
2255	0.99
2256	0.995
2257	0.99
2258	0.99
2259	0.99
2260	1.0
2261	0.99
2262	0.99
2263	0.99
2264	0.98
2265	0.99
2266	1.0
2267	0.99
2268	0.985
2269	0.99
2270	1.0
2271	0.985
2272	0.99
2273	0.99
2274	0.97
2275	0.97
2276	0.99
2277	1.0
2278	0.985
2279	0.985
2280	0.975
2281	0.995
2282	0.995
2283	0.99
2284	0.985
2285	0.975
2286	0.98
2287	0.99
2288	0.98
2289	0.99
2290	0.985
2291	0.98
2292	0.99
2293	0.97
2294	0.99
2295	0.975
2296	0.98
2297	0.995
2298	0.99
2299	0.995
2300	0.995
2301	0.99
2302	0.98
2303	0.995
2304	0.985
2305	0.99
2306	0.995
2307	0.985
2308	0.975
2309	1.0
2310	0.995
2311	0.995
2312	0.98
2313	0.995
2314	0.985
2315	0.995
2316	0.985
2317	1.0
2318	1.0
2319	0.99
2320	0.985
2321	0.99
2322	0.99
2323	0.99
2324	0.975
2325	0.98
2326	0.985
2327	0.98
2328	0.99
2329	0.995
2330	0.97
2331	0.995
2332	0.985
2333	0.985
2334	0.985
2335	0.995
2336	0.985
2337	0.985
2338	0.99
2339	0.99
2340	0.98
2341	0.98
2342	0.965
2343	0.985
2344	0.99
2345	0.98
2346	0.985
2347	0.995
2348	0.99
2349	0.98
2350	0.985
2351	0.995
2352	0.98
2353	0.975
2354	0.975
2355	0.995
2356	0.99
2357	1.0
2358	0.98
2359	0.985
2360	0.985
2361	0.99
2362	0.985
2363	0.985
2364	0.995
2365	0.985
2366	1.0
2367	0.995
2368	0.995
2369	0.985
2370	0.99
2371	0.995
2372	0.98
2373	0.975
2374	0.98
2375	0.985
2376	0.995
2377	0.99
2378	0.99
2379	0.99
2380	0.99
2381	0.985
2382	0.985
2383	0.99
2384	0.975
2385	0.995
2386	0.98
2387	0.99
2388	0.995
2389	0.98
2390	0.995
2391	1.0
2392	0.98
2393	0.99
2394	1.0
2395	0.99
2396	0.995
2397	0.99
2398	0.995
2399	0.98
2400	0.99
2401	0.985
2402	0.995
2403	0.995
2404	0.995
2405	0.995
2406	0.99
2407	0.99
2408	0.99
2409	0.985
2410	0.97
2411	0.985
2412	0.995
2413	0.98
2414	0.98
2415	0.995
2416	0.985
2417	0.995
2418	0.985
2419	0.995
2420	0.99
2421	0.995
2422	0.99
2423	0.985
2424	0.995
2425	0.98
2426	0.99
2427	0.98
2428	0.995
2429	0.995
2430	0.975
2431	0.99
2432	0.995
2433	0.985
2434	0.99
2435	0.98
2436	0.99
2437	0.985
2438	0.99
2439	0.99
2440	1.0
2441	0.98
2442	0.98
2443	1.0
2444	0.99
2445	0.985
2446	0.985
2447	0.995
2448	0.985
2449	0.995
2450	0.995
2451	0.975
2452	0.995
2453	0.995
2454	0.985
2455	0.98
2456	0.99
2457	1.0
2458	0.985
2459	0.985
2460	0.98
2461	0.995
2462	0.98
2463	0.985
2464	0.98
2465	1.0
2466	0.98
2467	0.985
2468	0.995
2469	0.995
2470	0.99
2471	0.995
2472	0.975
2473	0.99
2474	0.99
2475	0.99
2476	0.98
2477	0.995
2478	0.99
2479	0.995
2480	0.995
2481	0.985
2482	0.98
2483	0.985
2484	0.99
2485	0.98
2486	0.995
2487	0.98
2488	0.99
2489	0.99
2490	0.975
2491	0.985
2492	0.99
2493	1.0
2494	0.99
2495	0.985
2496	0.995
2497	0.99
2498	0.98
2499	0.98
