0	17795.74092983621831770524650898398355638401101350165630456433215381273819023123
1	17795.64608411627669883563451051569802666031524395281957750093974143873762261975
2	17795.55658680997442443518041676083964985803175194599652025041117221362129831388
3	17795.47195630896548451115125585438690815632619699057281373431361063888955318666
4	17795.39178641024283946706379673485466257729377899824853305576959984361171299603
5	17795.31573014722970414770078071404936522133444031365479641529900492646322294379
6	17795.24348746143582972266434179002898683615242321157835904112955867052045865927
7	17795.17479577783575571454172642862410256782631967223325559704960350517124919106
8	17795.10942277716023806927648744509313475494534727321911923122156048847097054058
9	17795.04716083175708454045937974628394797654545033977593410161501537797556313829
10	16973.9915957068606571111703157666824322808089995148631590886179308191012030396
11	16973.90172721493660922598843354061354972407565178387989365059659776762973073569
12	16973.82365652515136616345326975589549443190974087396201020051859216963868669465
13	16973.75501053542759877627888182240345664718917284293822854437309865299700907555
14	16973.69395378653450658075526328032286650176906301432208854619493728497871113527
15	16973.63906287684455812776911597090492340485038044978405617838054782007727013452
16	16973.58923043384600327107518696488761935956588814817520382954920591618439033409
17	16973.54359167420505481824216681929073601066361913245499222727027134834911786887
18	16973.50146822715403198734688436297565901709111523153118430611911815787830294722
19	16973.46232515180767599018105103286498853886168247762622993262130632976109212051
20	17425.87177747786433162922352803256182953330976421998277170816361931346286034864
21	17425.55975188253537290044781247232616510262265976574542732867144072533036991962
22	17425.2780374921806137396214236916194787364933185603325750368989935834526595658
23	17425.02092353662376811749762767830390848255835935354837994658461034715800198089
24	17424.78401812552592529274701948913575559249914650992118739547744812919737796768
25	17424.56393151641663171021123438148230181724069700117492303438219030749242222067
26	17424.35803597293271452836320138369278693959617169181511934628964734383017088238
27	17424.16428367267982361573541318058075821291357358026786242428542543630192049857
28	17423.98106861140579330266175430078124518815310319159346593077933783845363049118
29	17423.80712185235730676031083693593034841782406797375973690245839269628892377907
30	17824.89514784827382651641039705462261901830710135562441698593394135255348916038
31	17824.73482233037102300459458872902451123035230813009196139773983137778277016464
32	17824.59195499092561559558099937791756344321648231278808829059926986939867406377
33	17824.46295810503968192029470765237182189286171256596687743297538895204176611952
34	17824.34510414494377918505231937337610015002629624054027473260069221701961759573
35	17824.23631414305166622600057072352987069865768279033577773722838894608260815936
36	17824.13499834003945334326567565091992706005826763879800563863657257360279023404
37	17824.03993619442818445606711552280402151303759928785703981185541740495521977869
38	17823.95018602355537466935946832842837633074735159178207582893963050925819628983
39	17823.86501695073172653466055852984638652133626327010027659405191433601880688372
40	17728.52905481494181139037947929687419566475924155626595310855488609684008873377
41	17728.12700576543951564831477433386750453352771666596031784840776413023243169918
42	17727.79371283314666399698536324558130932959340062257886612837337743655565282113
43	17727.51320324812288057003069547438958006192684680705192371581416754152659565717
44	17727.27341002435335751931902406132053882524245270273775076806190832027064862416
45	17727.06520935738251333862423465042393846902476485242973818968529055114947391023
46	17726.88169546867032638841212807524808003865219851214261295701488875040305496175
47	17726.71763436114043804554302387222358396382180055182509227213304093023363443994
48	17726.56905235801472832469701211599011987882951185942445870226945848081940642138
49	17726.43292616917579727279355790433050721399538862369403151527564284203642934082
50	17652.22939694419789671915877025304689740476708148516347391178464904124270711653
51	17652.06221797300205874294248809046568935787205270666827857453020380201489738733
52	17651.92378269439608150497665178796743590569690722869787508886101066850523774985
53	17651.80757253984422187548348359360282549563123255210555014226198905303117442142
54	17651.70863667314377426413034268659845780128868533678094726843766925380412056111
55	17651.623210745954554574169190812696068824572992120235541419918183873120436301
56	17651.5484285609945895727093132478017531202100031947961981513268406530467824272
57	17651.48210399699131685252678076394414672770164531475964286916618787466989188014
58	17651.42256606622088192788671562309397694570413106158158955729750430332525546432
59	17651.36853415028118847996286853427696095992293772098131980510077092144880696429
60	17439.1549186606978179921487520574179670444523861493444143535622112985132384264
61	17438.57679884630966778657764577616320182511336741620640365179194630618172759082
62	17438.11935527314248864447932409067576516936355790825090837765585284404764401802
63	17437.75402393469242349370777298871428225726901001647611489620087965967997967048
64	17437.45916311563918901242730035154679939933390355740770781276805676159465353568
65	17437.21836694443881151008138756596626255675117341877492661444700403138228339808
66	17437.01919034503247914278073994995517779040322669018048756558357034762763631274
67	17436.85218503555178701297042104576578484734829802622415826462758930107946426069
68	17436.71017066706894844699599270078277221984683136750846381121651284552480151353
69	17436.58768370754753557583817770398231315875428674574040686796003824994919590549
70	18046.21342086545382195701453341435007587335584544504398610728322151098526458345
71	18046.14663820340227412592600545833326923228601128369770393109905952996202546233
72	18046.08251122142853357245070766668649697052955761145526118801421832656801973845
73	18046.02071151949686396552779968519852141872500563671094826957298626763311434913
74	18045.96097784354844336596554144972504256023418652360379178236468834418232199114
75	18045.90309999501327313669144389412987680232285152435651288530373589724604596888
76	18045.84690675392977156981666791401670042075779375875715282381387190643595770317
77	18045.79225680486435996591749464967036976433685540800607893418682348302088731429
78	18045.73903190999146133079689737700646573263013060052735329790772439745978261129
79	18045.68713176440906774723461497804289853470594429720103680092823239145354692627
80	17812.8599413168664088226298387797586475119525622480754939480794652245231817394
81	17812.42439493371383661111891531568302628147895479263603651050668018517824514812
82	17812.0917712112723123400794168270013899483348039357238186631923121488246890615
83	17811.83642481419293387300483267930208453921999172144171777945062234897997426088
84	17811.63915839033775082908494802494734420796817763632330866233655104676007187435
85	17811.48559771172017504332225884205281579015015788747491142854007709224637220988
86	17811.36497662612245887579519416780797929709531362603795004635211826049131114123
87	17811.26922842876037610252193974191489326088012521441567560564969847854169103669
88	17811.19230633605698412137760939678020461960457277335998790708007986405770091524
89	17811.12967525364656134782508131420769664244124773377147741297920896556764676752
90	17299.69118580325660803797842183860427873383398120916611954200402401536716490686
91	17299.63754097533800003354800795668091096347741122371114196623541599900064032246
92	17299.59082039338951686746470965566713307729843917290665074428616200294684151656
93	17299.54952715933066455199511292307493338404124467090338360512945752486533170773
94	17299.51251704371574159831288529260837698225164542177744286047289360153194722898
95	17299.47891438184777818124322694341305822980644368156311018875089765366908850548
96	17299.44804807342153389484303275418156298615150153209623850622826423790791908838
97	17299.41940287522502923102207411052070278788477886192383542850289943457312425739
98	17299.39258232863164638637358108836659907319761389058350051302485640380232746562
99	17299.36728053954317922223310635349216867456675486495973660925484297007986089095
100	17141.29428925589679673995321936699349844237678697892751712254431015581661122259
101	17141.08792459778115657076463967613057038326386989813510490653120791251875084299
102	17140.9149349170029731561824623102476053323233447889809137189584694769518299738
103	17140.76797757073397811401889775864027631368814549012256947320891028685172167343
104	17140.64142847807252992394023932624993866259592873152109826699140572649034315721
105	17140.53097524514104952874014906894069128045902382352764041338081816765941411096
106	17140.43330675267390099273420730314566538580978288331034206573815035477362238749
107	17140.34587636387940358951489074245246557256036132226194322254709022497553072262
108	17140.26672130502390184811139757012560104382785044177285334302271939963147148192
109	17140.19432489750819499246011910337087331539118538835629906719677396166388060781
110	17672.62544009045576024237313374915383094368154920158518836965015794615016537759
111	17672.51287189157423440601004180072290843345838062512410805891695125237585236647
112	17672.41254554936696554061724860558493929137811972264810698036644544726712229155
113	17672.32206879345137491507373830463576750630848022191021381830558156536233719284
114	17672.23961585688482797700898979305563521578708679304758021185156956389168615207
115	17672.16378672273615037794336595658130929802329471326872480508417124691364471407
116	17672.0935017469558468038106696150160919623170335045470768444484356066104784659
117	17672.02792273899361867657880376436001133802845056804445873419932383895039485055
118	17671.96639383244521768842307233939711305033872858908075794653006566488395924595
119	17671.90839716047341255745537657956193312177859343415961611181718938355177675605
120	17795.68537394687830609555203286948353749503693198587781751537056782636250201462
121	17795.54828424484137094099635908294362880305888570446922017334022769679767479317
122	17795.41967487874329814274399886271434732319142598570902580741951823263795073107
123	17795.29857030984144615312447800572168317679503590161169499000874658850550186728
124	17795.18418731065139572309791283030021077744690867766485634769859260764333219801
125	17795.0758887055341576313519962642767916237818607260168267782798991623787489911
126	17794.97314877902227161884735684980498117729535369066533179888052464691288314072
127	17794.87552737853832763308758109466407896193138936179810179401206847928052229332
128	17794.78265049768274565081981686031560596986029072283510684725114088575327879933
129	17794.6941956916373636085842330226092943719848100277055341877854001803400730151
130	17505.25262272880247496105222820885348038949030522707020306956294931947035765522
131	17504.89341532335190638676651744099900986902435312189519008598253459179759321607
132	17504.57651094679836354499454556187293444812973547973460701416109258836505843208
133	17504.29305456384490841394251849043952987402653608551896412921060409862497182795
134	17504.03634586604456057034605825656201995802248819278375677121812881908164328229
135	17503.80130029752995322089492569448493530644257539806711013489751514631576024279
136	17503.58404547629179908280653626886482921933775320436878007699812538168265312523
137	17503.3816190096042421573017180623280589953132980282141152314287332244845736812
138	17503.19174222393428195883213725412249835665269180808346801505786216450423714998
139	17503.01265072344992616101030938955528856056253818346092429363185928700998185111
140	16501.41742055847703289840245172224882205132756529334269521482997489302702769467
141	16501.13032653361165217181128460272623731353984581018612340651508353251874597036
142	16500.87055572353122436050260971424264685770455458095775176241496047121858337637
143	16500.63332723814001902677721408771787083694845075664159620733050286729207350111
144	16500.41488599476852528328859246911278145630858024085999071574328639044608158232
145	16500.21227204563180817693597421429617318345194646842722740569921919301040542901
146	16500.02314233580195708595878204041730607751931620593849767191515731522019303433
147	16499.84563293627358674911770683774041422470934485017341543559089226607165566634
148	16499.67825252727276585364197957355539500859540792123045936056166061688554594726
149	16499.51980001317418690677066003293823677695625523373116808891405715899624343637
150	18164.37946428365107530014674464156989413388742883470912739188461705027809462496
151	18164.2911852649154533736148881638497810757515541872841876075017612389808650076
152	18164.20710235544031468444777643854869103899663569334235818778559765354329313201
153	18164.12681553643812713656196153061119682698299852067780321183507714391352412973
154	18164.04999858766236181308579443014907305286163520434471426386759311442247071367
155	18163.97638164589927514035428778110091030857926625596205347167926886234433781011
156	18163.90573810861860696434923714345202972244561520114803149177860684073281996769
157	18163.83787478928278214524379724880924964074509032910546257343865542042054659467
158	18163.77262450668512166103661351959673741223619570739794340971538928777396470287
159	18163.70984049687763701540904363306044171064421092923372311012003648717055917427
160	18498.33353278871115447329339447947368003256825803677579803043192822396735614056
161	18497.21723803907231219860983006370258001257631524077088679359973094942768813404
162	18496.37730008850586036812335319925685534141113602688050861241559301579263365601
163	18495.74100454614655112739312129341128599770871423249479968138844388681785625236
164	18495.25495480865043766497802833743004768684464880476421319542992862766915277452
165	18494.87992787709708304239140627205082239164662001096526307436356737056304403933
166	18494.58710076861938248228389010279952381794592894563649303548749681973438561107
167	18494.35528266302694110296722450735030827167086639407892516336837780652286228625
168	18494.16888474933229525198623973902770766599273876784091878778624826317274784157
169	18494.01643105419730169211120567786850028490389407518151390873454515014244922707
170	17462.05695599576455031958458022217926144216863594056268058458270887570445354648
171	17462.00346037672167936466611962112683155426306677213874420083946569630393441926
172	17461.95469851995468129537439428443320076995699968871296368363204685365758207295
173	17461.90973488674515523417875134003298440044034757166129193782544655635375794372
174	17461.86785470767388373928473123480415411033284935961788986307738232440120635423
175	17461.82851060630579705523535683108690372871629783142124004327287284252110015579
176	17461.79128217127395838120611297249849541372712916419733632864016950946478425193
177	17461.75584533396260861325064937073300960053425581067728018012697059385754342682
178	17461.72194917174888596788288297571801183098889170441893415528720518181739319646
179	17461.68939833449384239013729919050793667418422272448748482013721388067012052658
180	17071.62280447691283632956453180243784081656522368525873944505706786752039804949
181	17071.06696191955145616813349562474686606539522885596704395909498962026853498721
182	17070.57031127179110055809704465812779513344772109808977389034258009898815422599
183	17070.12207364282289945124605872222878328749764145741468469291273271587939933722
184	17069.71385466025616140121093258050354474892539044089054828956903819673310301822
185	17069.33909288965292439127215815820426644807562069967845243225092920992974136071
186	17068.99263681981229461680146958531725320226184615962500640876490536282165789468
187	17068.67042048474642198622111966786028334401697020737191930584202100760860193864
188	17068.36921472658379607992214750536280799583872908176292216351828980245035184868
189	17068.0864364445401079671053186394272856930697316421594398720372967739902226557
190	18201.51660761720633173430223608573715055907421021299033990375286971513026639363
191	18201.15365531862216868378929038556889137707669332052031569328969362620091121042
192	18200.84504363777079125302028456812980419410169449553663613211841050183560468135
193	18200.57850799248687126039751497456188293426463128391597298826818894646840766852
194	18200.34480927239355125407872427141495157735444398456531232232775233826016643525
195	18200.13697573093620324527452927881688676752739626306777179341896839962089091367
196	18199.94973557512953519925614520950848405016263891638929047156927822314464173743
197	18199.77909217920050954482135531789362156313724496045804117928378729034546599968
198	18199.62200599158206205978061870649032187306646231484911250198820725544399245057
199	18199.47615627518916580715780517625482743058381605060194629295722297866953220438
200	17428.4073369882737592736796396040823141217494235498320569808965092676523330675
201	17427.76882625217536978243289266600185759682638698531152282293955067997824569034
202	17427.27022498080933377481731897136721250882485409021947033288838961638557411452
203	17426.87697600889442916000750361109917096379422858999504112560759237087428102258
204	17426.56327410219823856026927434144926443684337734315172401972855771544551558065
205	17426.30983749585413717151212083633412771679844129940622523452476856719556217691
206	17426.10224743953864133541311401158573799975608249791770792596893539598361157117
207	17425.92971106432323617330650923834106316536183023741406770129663621913387214636
208	17425.78413964778600365535388627280751614809713470763219365844474542354803253211
209	17425.65946183076988332606092367990603221410142321707258090385483311458792527664
210	18144.65422661308167585780938964519759246929561124137651641894707970894008783439
211	18143.96789567203884457144088540698242582943790920265598530489126940709714593279
212	18143.37774355009539274084462029492274691616257238916484690270390487452472958566
213	18142.86278852854170239266963846443229273458470478069415761010725104651673138896
214	18142.4073766391243489414665122973880798543219778254857989138865682643158904492
215	18141.99977841850581747726755190368337311861142691771369957625955387106683969423
216	18141.63115841174386639771117278872358040045281059963680064688600880751781769664
217	18141.29481817880059239979691547525113532426399061446027365646059548737412157275
218	18140.98564000015914547400697787661602843870394501527973504598371338968714844679
219	18140.69967787881877344375536614409659466245472570381529822661191670304201502071
220	17951.29896433432660528665517598805192692797369157217913663029932963261408682567
221	17951.03779602683445696800176194083150848930490379855613648763322850430979204104
222	17950.8323571632889622574011349573504813608061483748721246157875863553868442265
223	17950.66873992034102061188319454694973112778810188081131791646869340595157038442
224	17950.53659820583628573426884621343776367262815811706633548836916571465353579881
225	17950.42822910616017313588948386336690681462750452285536100353164872812608068241
226	17950.33789203240701399428533314273511961011852758739754789587905490425501400619
227	17950.26130388297748027332876300706441122072483674394577622191173644597102632687
228	17950.19526459103615154665206487029776194037925463272609087492168242468484248177
229	17950.13737928785037143641448666374090326016682178917095527917743482853798416452
230	17663.28831011419758732852687740108997212639298409427967022161558701684592401829
231	17662.92479620753225348892540209039923919959947909797741801036338763289007512128
232	17662.6217319915570081176078506824523491976279668468384167570219025437246019632
233	17662.3654034958920968136546075477112610591425097169829233212389834325943888606
234	17662.14538069710580440743231514064404498881304403847211777946384533194489834763
235	17661.95372596152582896058541015318365588041952824178761516996818132621388370871
236	17661.7843929928171167326129798195465909752261225627409347960400564423498467416
237	17661.6327706271968107412805482796149418398898382624179738548155597982996107008
238	17661.49533668566455095134555022300505453275771431493781644832768817652694647342
239	17661.36939540205283719793280848255927273331180617247333004595956142585105121005
240	17918.83072229239250920285163684261548935345043858958561336280554294853644882671
241	17917.85292691845386663204609698226700902880348315923971491869368961433074441667
242	17917.10603083444554035428147876558319170314161251958823216012188653618680611096
243	17916.53164210142945833057074420369150283486811762952017732100036978725969933712
244	17916.0863537997411354472329277665636806700054354883753159796167361287920916755
245	17915.7378768292629494046350712493403336801720016277362111800995680395025648549
246	17915.46217488515900818084196144077642632462327173233569014048492686758244020397
247	17915.24134086462233192248705240925410182905435593420893850006308516482361455959
248	17915.06202204882635809101193601527125375998921143224266845173452540130901048369
249	17914.91425166748413008837459536178780029462290660279273672113513024123633897439
250	17581.7751018782933078076854651663244205425756233816527634231232823489869444591
251	17581.12571571065495412442984520931173303942077782590567196043272267409555092853
252	17580.6225146295078816457779163439809875840097726901011125808023647465139122068
253	17580.23067985820065921481532608042399526560712403227737573566537198320871507936
254	17579.92375210512155177695274988700976331447463902646748476084170635495865452223
255	17579.68162690198485361612533078836421681196721475901517500905702816364779433409
256	17579.48902837062931445169634377496724238684488390384615594108240656128903642425
257	17579.33434820203040283906392704477953525289199139983427563248895601281387386251
258	17579.20876304410322662902964007056617832938355281007057239493711648988388805551
259	17579.10556389507302688243764632574594661199079192972288744914721330701787863193
260	17942.44494464852459251043837618272989993846894020490688097421353936893308780976
261	17941.76489090146453364491183224126756710514510412926205616272740986964401729638
262	17941.25209554048633325248416709717756849360502573784711178809645808911966471522
263	17940.86438661374911552763671570435755248868881016620484423848645755110790610926
264	17940.57024374654482607263638103967697586711538288386935798770867480813936142566
265	17940.34611204374760381683491239826043707343058765779552641363541584278572138596
266	17940.17439115863117503881882956154550441009923337121041192156495165587003289262
267	17940.04193074904737787520431682522200542012909464047111976691615353163488389213
268	17939.938905351408781498376822415184523735340898688207061240570873072717231592
269	17939.85797331350586730318955157802391596092762713722658788185753484674535884019
270	18105.56399909967221734549094192549602427152888480452100728788865213154297991549
271	18104.8732732609292854936460731486842048345408995451232577359131282382930615363
272	18104.3441126227109853489491245376168148130886226621037975525611711049604933019
273	18103.93559076517829036144323920124622178693875132529344914145556012785159448056
274	18103.61727742175133832391256250253202089075117395846301752032974741981606994988
275	18103.36653753768401960213895617988997076204055939751998235317686659044826885102
276	18103.16652672029831297767456987201751445835823161064199235581374918410786633528
277	18103.00470323277360279257687594607527391474197066820244940104544495918397273081
278	18102.87172318033754227557297258489107590467267577183884983834633715913827048313
279	18102.76062001908488199153732338881998446147696830169014768643698829069613458024
280	17905.2052493414969825963551167159309735860984091194922648374134084677761629436
281	17904.94317705853988871985839705812894176933211469912943140767498647256556766356
282	17904.7304918998245626139399460516019770131152384960530663746716009815928883778
283	17904.55541101037107498528238896985962426483526001488842333462558886481050536829
284	17904.40904833261018772303594946275198655688126234717621266352700512912745457294
285	17904.28469869785228719040239702327660485157439071904038525450252682577838925275
286	17904.17729914395748883186015246715416860731821522471778665412758793335619467716
287	17904.083023536354326186659222300464500922100772390076274180269045603763026962
288	17903.99897746471960918756904983527924469824801293454148105897101285522100341226
289	17903.92296857956992518556391862467683573531941092918009315095521143779344421975
290	18262.79878329885824974034075704168251836536878587262949345657806411674937068678
291	18262.67892655029285778613105376791009125441018671674425671052424019816452450807
292	18262.56746831373674442407729691802696096908342422650690509727827610800916513565
293	18262.46311706828202349017353258432322364590096785787377390047785734507785433736
294	18262.36486968981403120633358102752894838456926672583000161326164963774098526844
295	18262.27194059681508402540535608544307975326986113780726981968540188917135571589
296	18262.18370867928163754698291384405951855848531341602980641499921947998610170881
297	18262.09967752350539415482837017862620381897722206533067493410721735590690288158
298	18262.01944557997393206056906142415399948021093179379372096192939182877227355026
299	18261.94268376893686533225096613708096714550547846512487914347561285290394173052
300	18010.95966070730961486133277373293524440695921212115909192839237636552510410355
301	18010.20979144636424690129066034069031083265921384342781736141270949487188765588
302	18009.62245676309039015937445768618006442639702392297701997463687408597926397462
303	18009.15778505167113771228812235472191025992557284090487203028994697253597807647
304	18008.78597039068060228989276390352317672153667696901418761941674624306694151041
305	18008.48471864482679326401736687085238930351689186393450555365294990320682272493
306	18008.23734045950397647901934122310601734452920036573278938031477757440431288428
307	18008.03132812089242462820273500252091908015225737075097062499289526643120667253
308	18007.85729397633672710159521321661400900057942471072599879868289581771928230813
309	18007.70817881200370135327889691203089297590387361129363559643463091510920665995
310	17617.37182500194036513368616560448496786137540761476809575009483203129860440924
311	17616.83270061940370850103917531011341825877523667692288615729714016500194563823
312	17616.40817483170037425363744661496911991170717120163031281815026068226303249813
313	17616.07041375255901436966773658010454258003120979398241580161637887862663277606
314	17615.79846869755681631441526605023336044791205498484724178135390216366123738117
315	17615.57656924327835984333244893624797537321605651085622593541219830666289709862
316	17615.39283882741418266779631556859063738121297421362747095687401459342003389604
317	17615.23832865383858506193675370654991459150995495698363712293308940065300010025
318	17615.10629122920228792500212267095919958571272310545838949308077128972250051292
319	17614.99163421316524587355190565424223522682574750252401317152977516605770679268
320	18343.05780859445470293988484020087202654498328951977192654808292004892336910532
321	18342.19877451961612453147786402460619199596148280240229628313126214975496596055
322	18341.51276514396863935596693167585256155394566138087625172050429796899503111045
323	18340.95770135558084004761843663283707250876403260843011971097326095882941648882
324	18340.50215329540118517942611032471055150314193619978918103667588748423269072827
325	18340.12262355348350730936185116175854790233124188161752451805255599925451278243
326	18339.80152367275814373442033277812745803811064845140929336700622710236661317115
327	18339.52566750708379421383481327753932362368289110061499553563224258778510253364
328	18339.28514965031914997429471918743528277574593347311310092868438279811544781878
329	18339.07251062013701315437345000646772070527201154282909466046622114062456363175
330	18005.13316331785593756096447112993184861513272469605509516696803137179471851492
331	18004.75339227972547234598936035384929648980539290001001314861256172146608801435
332	18004.4495818838304875527625515973653124427255996047450863593226611900842862366
333	18004.20367808826123197340580417464872295780488859652479205262797028256559143409
334	18004.00208787417005624093872925490795018291658292301361401234565385245383726383
335	18003.83456768688902481435452442567540292494223714970494776865153150077250028787
336	18003.69338936690360680841718857529671226464220135906595741028251930410638404315
337	18003.57271428666129631321040733062634446699468152537185539391287396687839555135
338	18003.46812369093191749564302670642391625127776660556027670414973583657196985566
339	18003.37626622193167173533105399903954591826322341783501860325435143033847979106
340	17116.70965373255910714829665301724374825702798655047150398120874907176185577889
341	17116.54270416749377038179425338961313124540480474879201615699418054048549135919
342	17116.38788357051866925265323401210919731132492717395582740735190301950416395777
343	17116.24325826564439034557707696005274877627516802662398561242001079543209081418
344	17116.10732375797744760205548434490963438132179434749575821637390748778284843213
345	17115.97890191124387175390260169728275746802878095598042963545577003674065560462
346	17115.857063136361639404370140417436490810869926405769560172677767869509113167
347	17115.74106748699832148384982010526727380282236181237708324610410109077476992192
348	17115.63032004930622553854673131719428257228573162639289189225449184084975332675
349	17115.52433713976205214905915342903607344524578161645181202995684695454357878887
350	17974.20152854896089309158181994634244754775019914528472094828436614929732967649
351	17973.59295039745929208616562752250934596285893165054483703678102260181497654922
352	17973.12738450881157714377356576664452027324977985657390534495067853601995313335
353	17972.76933375186515307107435216066436639240693263498445154358822522760244215239
354	17972.49215089948496132324188625462680452154621687600039128855436706654605925813
355	17972.27583398696296802959652170199306488679574428678549883216480978905654501919
356	17972.10536949220406656422869914357615488802219260261544656870299931750494164565
357	17971.9694878295022004502292550441600361890243808528689925975212444138671691785
358	17971.85972890162163533105145422785856095065569699889015858890745001109198750146
359	17971.76974066282633893914546127888178139678810004131090141761294435831425119367
360	17142.26077122349279149480250486839095055320697970905619647785676685702592339091
361	17141.89906865330166117058099433112237560237091468147484951595892917222716568546
362	17141.61233358275121189976578448810585851705277278408040844501010183709828052878
363	17141.38297142803113505321118014745574408149590979583647080673945181458532837263
364	17141.19758233671944961395882049960152226569200361588667328973599604154160494955
365	17141.04595880889076200999422966326635802992876434031800763680522336175169568262
366	17140.92032293042154188629732736027459134306450131224108977719466604815771197102
367	17140.81474596364194183156004972828188377925573976996920842460685359802651928506
368	17140.72470670137192342892641582522753807229131936776212436709618093514425715668
369	17140.64675540328736930465148396351405112004365600463353932728496663213953205876
370	17988.11638177445254199659011774831300707638242116191251293798562269595485128068
371	17987.65758327701355885911152321917899731276356751748149513094084083798545961674
372	17987.26611890442188415721116050149497082891143653211955836797815310487045758601
373	17986.92688751544637541430712128744329324911702532431359805864811343499391336933
374	17986.62849893288701470018479668467085859045037269554857331209754299868115415409
375	17986.36234592327145672206964515514236834437190722382088345847640742790878338143
376	17986.12190919357823409583707148883758760302050575391740288308498693309155795883
377	17985.90223681129710438054661552594200204765715195550509981641896391748134611543
378	17985.69955419840721506842254575692077644442694499957973345455121561152863303513
379	17985.51097188387420054864514839885725143235720791347460757462690961888162458575
380	17773.37817064923646677201058338162649531669218326725790857369800623249148899921
381	17772.87158505877371799180360711737692766992078248883879108863777570336246043758
382	17772.46729950278372972744758353918101542709118954842539584338228605425838916762
383	17772.14059689857321669298966224069246646389274440146817156162646517469770807433
384	17771.87293419965096246387254502144625589807412615895775260857155364527272450525
385	17771.65038923460724927301757944770145606540712943691928892572045596703271045781
386	17771.46249923347838394108510115893106745621082697593031273326184541366939681202
387	17771.30139210828847960145141941300744763686605789880803293349068942291022664001
388	17771.16113657097086446692698158705153678135866852314979306936089486896286226465
389	17771.03725586079812745078505014293329214325980007096726141188572917405836709338
390	18170.18260164668043969419024293579140383244394019074858548401127378328634285785
391	18169.3094039504947116538326409219322555238581258208249535242965567011081154956
392	18168.62175977118797932330553146771997179301053281951316989309368128202391739762
393	18168.074489302196897209141184839937141725764754834827223430895591520442462607
394	18167.63369530581423137522086997083039592737306687949061608473062900409215715202
395	18167.2739363694268028847168092520763961833569189221443127380576018166431308363
396	18166.97610677175452492166743612142673125927775459996017228400333409586591555579
397	18166.72584728084081976374269567675147166632054040808105077543630472570274259006
398	18166.51235446790977080023038188600391009465834561623805459120201785753253912093
399	18166.3274889056485646312906734227833004678429148403270104584304701142005508526
400	18388.99836080684626027679193562286307836804968834533166311257660998032446002203
401	18388.66940792287428434095436116756765265760124843314972572530726128224460987791
402	18388.37448983668188989286320683431756898728619950005636855254123670034992503017
403	18388.10741693574841427459717619001753266352626840405612356368847423049732298114
404	18387.86345098748123616528570075268215415421160637235027265891888722539999271578
405	18387.63893802632291531570420370210729001489742845957671597410372940008688058147
406	18387.43103585850283755446982850668216130424146143771129868247363357049352984282
407	18387.2375117045794561258561946445255756405409535607088807606855321572944118072
408	18387.05659183128659611557696886226180008217092046920132806186968211227154902893
409	18386.88684972162585438606141155189555132629668369352873228555657461186229527705
410	17284.61000465696797997500247912908691845019678370467775597479515467528872127868
411	17284.35441121689346546748467608481799034966591931408323958517716636368896371163
412	17284.11972521358437122044593680117360406396663269577419573465015332571007370066
413	17283.90277957464384012634104015598649327490910301121189760668966522096307873746
414	17283.7010740055172780526869384815535243034360338333123188492770465535334801015
415	17283.51262000678780962513214378771818605213607640321793147024717499690581066435
416	17283.33582280312924681595984425689548390571050991125206848804366911197891332723
417	17283.16939133819214179379313930413013499616936196923023593249832443452380833692
418	17283.01226961378499436268801774392471219567131522242510336619376550828824271018
419	17282.86358426523851671062001066230848746297109761756642182284458968302796335066
420	18424.51652964067557569419961816902679627875740295827586531149044128098191035216
421	18424.21881967164978249893448933027099847493298462236503321461080185005754591512
422	18423.96314901036341901678698388193448224380557531731261236843284872543330126347
423	18423.7403967500550651993695249188504907469207107453444102483224973745217486045
424	18423.54368179404147332664462419608384693754660008584377518492274558621452448537
425	18423.36779472331077267003449778173511488153887607020029505165034288224880550756
426	18423.20877505433654752796623810952456021982050196280826366804173233926806002177
427	18423.06359656759051136527774704457447670375602315165525008735293573329728828992
428	18422.92993298137891411654112129101135808926847402216683447091166605262554929617
429	18422.80598337081356013350439636274359165167587499348689826784297798180737168733
430	18036.70049977644268846067470331664135696536031720163140058689469403504856750696
431	18036.19920803130912479057346445291444984972451289059160441672118588470325341755
432	18035.78046628126087935000132986476945278273394087138436058632767535332450815069
433	18035.42495366003996189505659411751474328254038737822619529726345001320997666023
434	18035.11818204972455597216070335962271529247453832732980943332382073874920501351
435	18034.84927245253747949272725219457952325029493337968313061586158168455445951737
436	18034.61004220136563003995366350991634191261386058121697854656401821783480502169
437	18034.39432389808401833584198240367962201192167188975972464178685747267545407521
438	18034.19745713404142754770541019052949692158780271280861046207993173870580503173
439	18034.01590906673239782606253112131737510996699024407822574772388038279687719093
440	18048.67171987851322101851361476312577542056874832857907908209885307120292504076
441	18048.56576080697133562677031719404532859982606085519088798051294373851781826992
442	18048.47518178588131497811253216322009716505186923141012079470622147500560857834
443	18048.39653306055928721321820759014511453513449628395808171548863445844340089795
444	18048.32721228354987680644290683955750518537109442828096396239975153006368212032
445	18048.26525246853814880370612153572191506440657568919123179806159931074998825729
446	18048.20916326762005704730850468653895615539894116352880456365127361826098241379
447	18048.15781213079340696483558101176568153046396210254123032155486071720194068549
448	18048.11033530137690420043047306493049326995220931910047609528477466363937728716
449	18048.06607113667567391441395138699622615482664958417242179309969464240983059567
450	17686.36417433282241427170936377053223547806489457360404982068952131685243455084
451	17685.89549832864167557617234668913869120286399315376511613680754298577926162184
452	17685.51943399314639906615296423046671079932681962064960428515902057626891669531
453	17685.21364955579544672142609338258865097515910827202527151650337194442764056499
454	17684.96140868871266415865466502764713237163303618990976485776665150707906036784
455	17684.75015747070068291311069170416119345567267085038974715610651113472768326979
456	17684.57046904328525669886159249682671580588008398300858301123698381069284059294
457	17684.41525529700326890342211934996183733618422394255716981571319999436392253783
458	17684.27917792142615874486754948456078625340485538718806064014447570544456818045
459	17684.15820831768723981199059085603740270347926982288299528002784307295349314836
460	18989.96581107212819731878432695640522753308058474621797054458973365890419918131
461	18989.84648565188651372091702523800088809161896936700503703442010530467274608484
462	18989.73634669820653551402801889143758745041295093020365127403406095238012132534
463	18989.63375791551746883008705634944889632264020759310982389353523909998230309373
464	18989.53747613795189997547383885069731077082248434451509791875220950012324271772
465	18989.44655075308542263402611816937212133260095489461189448509786023443464895901
466	18989.36024918831654944647145720573920056800472413652847417978032969267414942928
467	18989.27800168329035298484142445535238533876216695231695556766493302605014048544
468	18989.19936033664043013175081579142516841089043474216305678797180602397834475817
469	18989.12396871988763486533542645616150803941018075499192674047421058314631522094
470	17472.23634622279265170043363941751012105489116348811657466028354081014271638935
471	17471.84544634614112403352233443368256161875318872325758381313298197037364924137
472	17471.52342886244963381723197861008640638331878101322258798626621292710113587941
473	17471.25406096433094354173466570066708809254111497693689575440731048798106621711
474	17471.02513649767839407041620422384268707523903193693675641478258377205776046913
475	17470.82746818965836428627173048440856800075617381405438628733164987611240343271
476	17470.65413276813045799462140021850483444155521005873152466521816870943370670772
477	17470.49990539617930606923207412809439030603494839598030384510397117122747878096
478	17470.36083585539860248248291176267078242150439582286962965055414585871166514476
479	17470.23393088436227117820179812163661848815318822564573835295554691447092814371
480	17770.04230329464909829186656764572612940677310022752800426017668882586210230358
481	17769.86798014074266989711855509834755898200710588702928840436988539466972014044
482	17769.7205909340616506162490327629222456216526823447887208684107196197925233991
483	17769.59416542375928613611426188509817221434664261955851902361846197690432445227
484	17769.48417580303449442301592058975693121801952537236842527625418079156845902375
485	17769.38718202879642818477511556282449103236197501938705653941566678547779137456
486	17769.30056472789780802369674898538979087340864448052252911080940895126656981556
487	17769.2223240222852330341635253050882744483146146332583947531470497714025368934
488	17769.15092797240535289306080321032287240186965178897094911529482425108829070131
489	17769.08519837451564130277949284345457522404842905203860767004392336299125965312
490	17692.20179176931061393899081811031865890052860471058459266522763058338151225384
491	17692.00010813363757275384188162759719729218197147532088510910130874903370657959
492	17691.81278221336564102146991631370552921012574179317663074463507060643942231118
493	17691.63778218070501264102616245487526885579137980734150159279393220210791898279
494	17691.47350190687137966433021211856695931565386150672949018346321277563712491811
495	17691.31865994696929135679685971134180191099601984633582443326662693263098731645
496	17691.17222325724902729538696934774574938775264373163427988975395556325000040763
497	17691.03334954077683078736712433509250037638409245579946849109249539867516171394
498	17690.90134362769501075326186162964920352833346108536280431036024792595001991429
499	17690.77562443237506192932076001210737766845174011964723487188874483377459341458
500	17838.37022883453990992041814149555491551717289848226105457610286403515378201803
501	17837.92234537640328503512490784518372391681250241140081202606254255280205487786
502	17837.56348558634890994423464852755640350854183754418682557949350335163771446212
503	17837.27268910462099419823797916061506439101320811419467903646869214066092480204
504	17837.03410538221999319428670266594910616352658338340072686804026159987424414688
505	17836.83574017178908475333888913327826698590352780167841909113219049788223963319
506	17836.66850940688534041476072610213689940785874199844571399406427139310677072247
507	17836.52552531266034177935400896926783393001404548565014819586158185166695604973
508	17836.40155786812637137577687276148396428857668849537383192068633014988377491096
509	17836.29262861317172678510372975878396347280312297633576419493718706902727908028
510	18365.64763802879293733770208474111055828665449283228263993702308952418929990146
511	18365.2489233615376167085355181601873166321751840255000615630909038414561550639
512	18364.91813482124947616001568040838617618329605714075627475569927004483148765266
513	18364.6390868989381357568599125325787103042004558964619098685518073589159701293
514	18364.39970208262759164410573243646764718829293294604752892772370027152464130454
515	18364.19095743883438307353772047654400140531799877394625458773134138373964751431
516	18364.00610133167846914268655956580600759250569521301057338270153068260663809878
517	18363.84007121548444952938165115265526347757291967093408135894428406707611170996
518	18363.6890609986514712221666713035538293370614896136285754099360148785926587679
519	18363.55019961181842953470684981367583009769862734505190791095647618500347954584
520	17515.33641304433967693094516906066056771077933513214371154564634685034242243787
521	17514.85755758425554974990595192462517972666267938874231886319587224274824465063
522	17514.46400681020722275307666301328486841218792398244209493349251168504134047822
523	17514.13603329644969360649336697704836809553593524443411340673827144506385553894
524	17513.85868804632815835114201614557867015691952942995500272456874299684475318185
525	17513.62063493367562248470632466011353565694330584472334543424150294387770053691
526	17513.41326936233141969730460884700194623250307082873085491342382189392729650667
527	17513.23005201132003200534037528822188247482826087753706558857866420782003914105
528	17513.06600527457915439035894664013604115332132445495996089812750234967959024905
529	17512.91733272102000876736622583822285159616470566481791993850337920402805562088
530	17646.65014573917982543833899952291223400242994867360776038386034823368835367457
531	17646.37783812999118406934712896238102451287794355862892596515015119081801675238
532	17646.13542085952434225525444914659962427933618521399295861951413683579025349393
533	17645.91705672541929687907803721792248539098314270959890503200380207368143932619
534	17645.71828462324308519711260210661565960553327084537243078719319969448226324679
535	17645.53568170135596121914228875147867589090502945791169644583323865955885909071
536	17645.36660909353534906436994944196095137418848000420097827593416652737067938896
537	17645.20902053901812733841438963772897616738591419606023874303515106236001449942
538	17645.06131831529684820599858232919539607457580603501951604790855938350032389735
539	17644.92224476304277024002505088254489770075240473876027893393625960929783105392
540	17768.30516236526906082360862681381635052453227028930107164969087997627144063224
541	17767.90936742745772836095417609308555061229740355337432761840758507062873901503
542	17767.59964808217683733994055642581972419243678058560818697300060207899727222554
543	17767.35502506299564743248034309038864658235758968945764903025399863955783859511
544	17767.15972774739155084484656169791099475058247471809569001163321452052468087782
545	17767.00189496862424707126980279658699941836994855963330157453343941847235565238
546	17766.87260053506142264589576877311268682466078614974447144433730520003086830816
547	17766.76512218179614345113969540440361298983974759200714206874494378426672645744
548	17766.67439304826852308543118242221395569740932500707156518587677468705358575183
549	17766.59659003592047439391363489753477745513668120032271372829001404775546497688
550	17301.47396717752136682844992710910161234038151134885054640968774438493047493943
551	17301.00767919668566893342186484180551112762541009854239293212749540801623340591
552	17300.62145304495954342144162098010572604857081096434813787039993324023339137389
553	17300.29726356570063102140318106644658328152468415668947870593882440611194044229
554	17300.02138766400312061065939004948617002647324807983115012600645765294752170955
555	17299.78336535167291630285893827587404336335216830721061996492472865148737493569
556	17299.5752119326880417265765987549278180936746041076976831937482944992013213643
557	17299.39082077525798800356948605248731397482764381784600811031933962250612868399
558	17299.22551064384085466379644346324420137273897088550638893984591841479706620336
559	17299.0756826362628458451984395597947283996848725596803444147453968877877360831
560	16820.21944853028070725835144025971057411262571595250791867413805282189677635257
561	16819.60305479020471451560471891565387294985147298842830898922635742071206440208
562	16819.09971453197039465279510577527796720953179290631110956602146959514249278261
563	16818.68398794357162628533030286924574299983317363756204614392281483257461451863
564	16818.33636431431737281241671195632372871915309624516271790195808420767282830416
565	16818.04187230975432912327720223233508350996973449749557292748262396227006532437
566	16817.78901615650103625979285422088975908748480973309414761586495691834499158441
567	16817.56896138233598288649059890709712684652189626869660117609524123888592561137
568	16817.3749116016481213091099424594996736670938960440769672605815793117977229537
569	16817.20163153121668903994652327760535948325430367348649228946800898624155674767
570	17520.14795242416283042803045260436644326326009943557204830901366737925588307194
571	17519.84637482103659234681520082582996769299931604606717614966296373873695230325
572	17519.61397365565967551613838757416186990924359015830101081923569910633429303966
573	17519.4339888037208828106221700483836698709492505662548919311763045575831488177
574	17519.29375228839636512842623598489567343842114965973501079787569661465343407384
575	17519.18368702698953388771654587186643416936772802628970055777266076849159445333
576	17519.09655085174070392577937863754670704935297639848303449067006272425810492058
577	17519.02686565882829122324119903042324160718585802869584673963391055585003629451
578	17518.97048630164934187685925848859136165173506586109977735189683351553702285744
579	17518.9242749817665330369985942126096361811636231184100700906418920675677631779
580	16950.17371020117716866131863490076347263192014892085519231383773035364751160037
581	16949.76004129936211624129198085101005410508293037967151278642690768744079780685
582	16949.40141293798309581677539949007031721241835187668216587563366542765577128415
583	16949.08682223067723956252964413026066808943563359572707372892802447592067368168
584	16948.80774768151637708263468062983663447597082530944605038965924504714185107708
585	16948.55757440088396541787191075745750336956868863038808695612380984903148082827
586	16948.33115309686090109033621771555065965827079918476936607898838845508296645913
587	16948.12446173369907699511353771340777869539361412499038188941198339821350807676
588	16947.93434595816414491299888269074013521196016493617290015931900878239929119009
589	16947.75831994359957527735063345029054160464263691723981572164709871594167154441
590	17459.49674524559759066168494566897045714514207020129739681868753959100188815581
591	17459.11782877625139988594764395817947737214675722771520553382100474488362756561
592	17458.79555036408723228752448714229372561992843170641892012152936871112336881157
593	17458.51749072639649515942707194338156927169790744696922988666784026644663898867
594	17458.2741953963650966033220687311326142827648506784586540429321501389630798898
595	17458.05845564475017350503173923928940574389753778696593885187736724158000222069
596	17457.86476429128308521308783729091618896621858176215013841785061143656414546266
597	17457.68890386664926525499465386418172328216993899579006969191909134831284816462
598	17457.52763492305990550055723271834218860925939555178499165103352994526411239675
599	17457.37846012192610956673986254735736637678640693321801207932054764012796317192
600	17008.84642306487793356467290983721249907317395769408308377724184196562252575468
601	17008.67774489861914794661116416808640601541795506261619302978407395020156498575
602	17008.5211733991858402803979642105535360915223323770241268515905114635487738164
603	17008.37494319553833903600971893991248895503826641851376833062897965075476388285
604	17008.23765594044313845735061399231505742156123134391577437763009086907413861452
605	17008.10819608733355271649853136880216729682447948418182149741117875940674725037
606	17007.98566642125107382147671604308194140268269699386004499129759254413823476291
607	17007.86933868923591366411285977451733093796959872095949611343682615991235752551
608	17007.75861577325913330832974240772422945023047170766033191554381721305126983184
609	17007.65300268765957225231913420010648495981531779628921636590123137031382557547
610	17417.61786197228270343612241843608722476433299292105415128316011139523117823654
611	17417.22910799701165587590554485740836877969827133607300347814771446861953560784
612	17416.88409077231074423417168587294598292701480365028190311913696782217325079099
613	17416.5742819887057058793132751642455714366853280815504973324937940279994324401
614	17416.29313444283902588498369573677116267734798006410389836245716266035195607439
615	17416.03560402425506588888540752837907771323467831104283888731583679214156570569
616	17415.79778783488888103412521692085264651482660026778885468618562342556440162876
617	17415.57665021715597138279155106946316893192867705353245905549854591978661979804
618	17415.36981531539128777544064219406558638920954346842425166787375675639425734871
619	17415.17540998716741268870798039698683914115460233298784717365056189205858914781
620	18243.29815192848990637299695542349491175461976607894404822255180918603127995916
621	18243.0798485796136465148099283227358312656341739754007745516252390365149628752
622	18242.88313984374239840031762026885161032705797902837034628936413263416697226858
623	18242.70409610041927947585477105763598293895848324849723301712804877326882702665
624	18242.53970302427241808632029977279595827459170736323451652471618343110933913141
625	18242.38763439433004969817578031893402394703939203462137404882460898515773129947
626	18242.24608208481745714745525377780541222700356376133880702874633166158124203952
627	18242.11362881234510229660433382054883559180649131440466009376853225553185792876
628	18241.98915285066563982381590532424211901750836293730578237595088212059942185786
629	18241.87175664575779694568508765094587827956964034236958206026657611512842052349
630	17065.42578095831049169849430890406058466716564527105803790117940099275147032772
631	17065.23657633814125446368056457694464448510288005957623939051321028527378082319
632	17065.07723259228606679712816134372443603257166132486019648167299784472312096008
633	17064.94122855778481979458167023585585304782366762800529171672078679944079506867
634	17064.82356777687417638640776725225625157151781057186603201152501332530440361571
635	17064.72041684527042707167683330578874166257081669391973618202441801571221074964
636	17064.62882982599263650370787971578200374695072254431878315418326903787636154676
637	17064.54653822985391822919299168840677687937588045990886362560477928147006694705
638	17064.47179094652433985728100873699997905313952239341134107590986155426156932256
639	17064.40323223035324602383739973509851884270152343073454427497483029880637196236
640	16950.42420137762876071667777267058894974263130216888111838055584219740370306317
641	16950.28526707187503829178641009934397840675094711332543084095124978389979074049
642	16950.15818765625659334874007370727622016970928946500502729812191319587797144331
643	16950.04120228607517242233472487909974543687570107192774137042478979291965032415
644	16949.93290776232512534044770616293062611559081404793514122903304139260701400155
645	16949.83217779891615967564912371982700248998710988949610287086927436807539356494
646	16949.73810105255783007227032503511206587617898990223279975769783196008623460293
647	16949.64993351879624011161911441524777321076887508786662772697697569028261118452
648	16949.56706193105620409362312874901942844467676846306196956255336871264482390954
649	16949.48897558953301867907431011361658896867880234026343359214302685174403237867
650	17062.90326945640904429126575976160653984433093598518456105064790102354889496458
651	17062.39371350203716034832077725879625091362029417656948803896804497526113962555
652	17061.94582799240717669149502446925074452915676612015368047656294853637476841719
653	17061.54747006819241244491789001559755073825825160423721773470770086147284092425
654	17061.18926578595736073529990925409354415918044496483202389922509859133558673282
655	17060.86395877990958749112008383868705540113847231417122012133146512698075067978
656	17060.56591306007856456421060003649146305972146377610852250190591804138896112404
657	17060.29073344649134035213288745403347839386782325291823391648909160945094725079
658	17060.03497577250836841231884288723755171860607123533370751296081116598711126264
659	17059.7959255881356795120125635351747419569520539905709300573227576210753981517
660	16851.47004100713078106477455795185962475654394741837435826606494080551034938876
661	16850.46253494001754406263256688871988621165850613939584623565843392984363660752
662	16849.64990007099120706984628397740698892066333707937817326379785577021437810128
663	16848.98814013502949388693414431651844785862802055328241489223870246033555493892
664	16848.44354630061937507323236721317127251467487470501566108390411702335543819859
665	16847.99027128592915441749021442996001026636847769463086544350367684374469101742
666	16847.60847681258215172262268180700465773607023128539809935506655766542867465599
667	16847.28291886246872619747791041937474772859529681167618309687097492506269318473
668	16847.00186719408018259895088444067199770321918848901341414220419090983641361132
669	16846.75628004945222300097003001120474460948153243317489719768889387023770632483
670	16193.82860505945227740327428654009153535567597835219277373945154121669097235206
671	16193.54540703905880454308628629638217345063015734901681924572411625452426860638
672	16193.28220052620007234817698907496019903355108841781789661966469734468474467737
673	16193.03622119615561809839828813961785941606556065242315483836933738849808717183
674	16192.80525316560379510532817720243997632649261194202722756443999973509501397584
675	16192.58750884766140062290788105276567722531086960834581662005427658070254541357
676	16192.38153568998320637787524775898911970395725940265079943983861998491642560431
677	16192.18614375549519265416012789539427564317284837820780055660840318573179497042
678	16192.00034946318877134387506122900235381328839313542358428730538592941653557038
679	16191.82333185924592217063660210606893599386625654936179964916987013836939723254
680	17223.81534075501148860230458621049897562340601446725783591387066048453723387227
681	17222.69568412844247017303205849906338350790954434524453762404795184903621738529
682	17221.83061405499741749978271682045969920155334084089077024661513110853202383475
683	17221.15963886954596931946150734222919676950110537673929255178162419925797342051
684	17220.63671830967832623413582532774001875139833911491268424887656721234132254541
685	17220.22682007715850922880163052216396071052081987242388025009874436331070317627
686	17219.90329157768630069062475992673280441653557815785277455380078739080790846346
687	17219.64585602677954483995650941224708907271959746295186558525326122799968724735
688	17219.43908590899715905724730866662118966950643699800850792634495363933478001003
689	17219.27124087293715167373447406254405215603237635213535551578786793882066011961
690	16291.1550608916518660796855687238026862807018321480764660751665040144963775039
691	16290.8929229254412341875112181565832890717498902970694514140404603684835667851
692	16290.65095753510082521604879303591385456906712015095880911829285529258337484126
693	16290.42635134154494955147761735208948276126143383228825060110755457357664856633
694	16290.21684231220940131211274061419275309146178483606123208217607000976592279432
695	16290.02059959189147733731404566101286517534397023097306566075514298318432718502
696	16289.83613019614127040168165292168373599523562095047694448625488502934315833228
697	16289.6622065343957780990609430691789233537988185708201134773339631634131792033
698	16289.49781008376746887002630254509124666035485929343925029411012883278384941224
699	16289.34208758532250681837940981606827293775390620707190226782485187051783174468
700	17251.92390652921454468643790539411653803551303060968126138442517886538407516048
701	17251.78691435714563189631287737801208022074580233837325580695368301986095970518
702	17251.66032459736303096689969146233539957599104839960563474364413947315421280632
703	17251.54244066253902228177392175936991226523836773078559647885983297442570308644
704	17251.43194247846017571688150584577805208780763764657960057613511637327127461059
705	17251.32779712706283823499426518296584652869154699662375456816927180273858309532
706	17251.22919096086153229450143328040029882679786575140069263208030404885397435751
707	17251.13547801607989933192953378172908719567466476687793390709503613403199846795
708	17251.04614079913377742779155959640556178394625616060178464517952382090040313828
709	17250.96076046744477147292735058636221861501756242773897169418357255498035236577
710	17146.8904641551614592799700317475015535611605008090194133830395080711783842257
711	17146.04732310013922887182055742079805063438660886427091320594016872241180244943
712	17145.35307581480434998019388333961804409003005372522586275726076268483090849958
713	17144.77485298160419427434393150217215842412644763446285934192803052766516404345
714	17144.28750463988453262956102930114546232631297131248014567271374067898027563728
715	17143.87175915894245875163934269743771467592684130808068602902034165967277307399
716	17143.51282299288085512867230286260059531166870185195601228128874336262927221492
717	17143.19931560910818090915172246193753025408754600342725923986732002701385899145
718	17142.92245925967326774790005893282937156247701816683819881270984466105288823915
719	17142.67546251261244119032506185379053621240424890478396653036313758035228854454
720	17745.65508535839716650091222442520658117140074958172475034151398442066650136236
721	17745.1427322352035405708793790838639820563562600170358149034581402679437910567
722	17744.69284659578594316147355513184538232505519704516386505258602419118566453811
723	17744.29316363307956011150652793751858010430188808402783898825442215987655264965
724	17743.93427831405984815311296611305286728877087620618422659123403546199396813481
725	17743.60894857865768546209217344138437619309056334772603054421065795023570078498
726	17743.3115699444014091322150941712807047810654756659360634667176201980816964706
727	17743.03777932111375132308743000146241606977940613483560156478422544681932375629
728	17742.78415620323827921842642194160217571244977393360415791982428170209573550983
729	17742.54799723771348930645310381518402328616570770672891812098537353854979698629
730	16965.72783807924577901182139382474173374689242037631301918287150656315834157865
731	16965.32779983503067376133785347009547403290559368620644327529598383877976210186
732	16965.01450214289180335842392158769107631434262669227555052790086675156861871827
733	16964.76758446446713241265484186784571523333708829560815736420760940111000182679
734	16964.57151328897884402088724295588592300786527666423526939388253235253193807058
735	16964.41443783929633307773263578904329335416528796946178412261974230508357758775
736	16964.2873163091337394158444872935813027134715992149095485129055272356385923087
737	16964.18324898423393330481904050850642438541645650618456339754659076920956743263
738	16964.09696945276578955460021833460548976460551618486028739824227184672302521054
739	16964.02445654444512554844595968874259356590343911812442115410115983671619869625
740	17717.40669927705590032885678409314380635616558222144186725038223609017136094478
741	17715.94506335281745615276889865883365505303182536167743481591864501660049901988
742	17714.7938026724566884916146237046633765777509766553896859712554970085681641107
743	17713.87889013332628158793326254935447869748588430020279641151983520761682712973
744	17713.14441468752651204612124504274318134270103309880361607158053322201784725674
745	17712.54812034941067649947958696529769561948066697658154654760188838827793056162
746	17712.05804483011126234019675266152793796683303719313990091428043680521549351015
747	17711.64998723089314299740512823286007782141415719422936033224484482845063866517
748	17711.30560042324866140648107411338182728976931871314902518779942833751131545159
749	17711.01095395435551311744996269111039028628920464475558060861653524658017969563
750	17362.47273525296343177822517713960619935530067730889447534461247137552389903666
751	17361.70795212178244174608253155604047659019815291493728624755940187495965506125
752	17361.1107351774329172272681149312984266562467351151899245061487846510236795524
753	17360.64083759237552306308779971045828370353488818491303941183651466742614426489
754	17360.26782187073372335542611690291540651491834554543180397484892635984371194652
755	17359.96866060466893532065118470235701823522405936241718080897387830666614905756
756	17359.72592495368300293421516073633592764180998843152757489236611778147091305653
757	17359.5264167954587071951910260316228903072247751986283545773717083274634865839
758	17359.36013577252681173605865598753033892551244039869529506604560978026227050745
759	17359.21949912793245536836123511412729130931957555233585140443169697041895475771
760	17358.00799138024309593129580343489779126986478517058888317541136712029750255513
761	17357.78485834636814383310742867288771509889434064716396157587517659056192994435
762	17357.57444376640702253012231857140052799319028373268869254219793646361560077798
763	17357.3756496375941101875529990883120090525317420366003273364904688817117628619
764	17357.18754351764812371840024122108273472297576475504106997397453562716164726534
765	17357.00932338629894702071738780062665505068221890377035621689823934811934691873
766	17356.84029085634939787480223386008032548182267021776495784170367697220294327401
767	17356.67983069102871044349456146935409777839418016448032593209016488699931479408
768	17356.52739508845543593793836582606534486670839249785120811975704521081566757506
769	17356.38249157335467189972130249367495393785607663665146205155849345696980700234
770	17815.81314212488958581207430689894617197242729482373415321630778593735982511421
771	17815.44028500380359524706858283789743102942926714815316661368033091392124986743
772	17815.14303223939405607799932930359368978554629903825338540617595975962305899676
773	17814.90272042025326040124284326837861071014352596021689306773836830088673591226
774	17814.70548964157001108854163164932448653728927180399945637408650988233983417706
775	17814.5410368002964265618049800637268939788105896817978831959138093893587867144
776	17814.40169277452437245087683331006216673735561728687748219766615291114329582133
777	17814.2817394542685144393047632334702319456397196041832273568845269279951146006
778	17814.1769043279116240983186648203983677677275953942424030889814714744366979989
779	17814.08398647388329023478536246132160576988947212357494179793971391181605026696
780	17094.97191381176870486659054770331020266463415937530239192120612034295586417864
781	17094.73846040595379082421454084900150063633528962998744204196012172095449883386
782	17094.52940049311395371735230303519365114038388561325965943668047821052730006894
783	17094.34001254725256549075441105152889614885833510926223849092516375657806722359
784	17094.16664300321832738828602631844633095534130402852405953843719577860192329572
785	17094.00645718453340905989963453202820523608916805105530011257264954479862652981
786	17093.85724861322309344225648499042115352685695794564893887662570365107342043481
787	17093.71729302891854329770342517084368861735233788224014481053537656664326347573
788	17093.58523663617013336485445550430557716704457666264480690399038758506770087485
789	17093.46001054967421687676964397245702470764086634684666658029789405806276644116
790	17985.927753656652804176752225563961917043600565664892068298232715159946761244
791	17985.81137646997868963807100276971860869006399945135605441068915410118608490857
792	17985.70617754656916634350629020579371264339420192531455583473197210137877834336
793	17985.60995593894448225096591876682120126944092214318399210469914885589425412899
794	17985.52104798085878690053028692685548526169634878314651175386472467363719793235
795	17985.43819056293816770516455133299817916946113954595820558693122449769413115797
796	17985.36041947322282898316958684802278947100138760794580335111550329840321482754
797	17985.28699379417426895634994859906279906090287676187348278476271579575923260218
798	17985.21733966321209903821050793426836486549618771147883696864533840603181566795
799	17985.15100842412615642991294934740521678059174571408048322359168221080709723021
800	17910.86138530044910511090410049237708964969315096589177847932376545269297907041
801	17910.73080730658893457304487941454038292765614208245580236822681775262618991509
802	17910.61055778458186981145593615769207241455669702377765806328507626086941584151
803	17910.49892257413806270481555456842495876754927135540960768843573358932852338355
804	17910.39459031680360673199233894335201407933597451118316875007620496296526425184
805	17910.29654980636340848869713795864454748258828842171268733009134489600052473796
806	17910.20401389883976655537665475344980832773868832127039274066279828182331509094
807	17910.11636309084475455821322465294124823241721763213428929555493462038729203035
808	17910.03310366391411959416451061973035438189344279599965401585301466687216963149
809	17909.95383661698752526968142616315173215949956611071792790615569185765382110929
810	17827.81492945754784689008395780804871678272581597072890675362096509941225634545
811	17827.70161927846652282158772393833294054496364946880672123963179379754987223888
812	17827.60097904643564092200078975856440581440562941539665246681431524327715520533
813	17827.51028064788580260922635604298127860597376335391598458620746706292005269193
814	17827.42747969196792143617081892754431048294434499382639807565211820962812146549
815	17827.35103990685554652565529467143539885744420871447592624038349958803850987063
816	17827.27980281214818501953876671068153394515616814028687280812887587506074507211
817	17827.21289098615121922870644261531320004500045942666133021623294518732261252609
818	17827.14963626071815605568901761993405519254800427489480749188975506233879035992
819	17827.089526412801088796300485140317162732401038535194722937121507873391207458
820	18212.23048610406596812814861548240706975877019906097163049218569346727607032889
821	18211.73591980515721852604801990289100781687188376622039266010801806703574752219
822	18211.35668857529046697780522872234286149889595995132933230506485598359873010213
823	18211.0633080369518374630870553994311153033856319759029745659778690638873529569
824	18210.8339112847408630803342873149302239523888465774498881674406248618611002948
825	18210.65227490831368630062175184415251347396025400257611347760574705708220679489
826	18210.50635733636748021457677044386202971878755405315863993855488295239910763454
827	18210.38721641786265831204101304397742402980283644123051890384079246784136188143
828	18210.28820772878387082849752211161113872052533860076314070276481538820185391555
829	18210.20439069706447891607878778664179606850477033384651469520516668631752787343
830	17296.01733217182160089593113362564082633688908205311621038769813744806605342772
831	17295.8481648119287480109005749413949353788586312393069671801610766438774076913
832	17295.70309479801168773472140609270155197888748057934582324546333710932207789106
833	17295.57698648853667289227484043948329037700169549146704447690142160063702529295
834	17295.46591397347037895416416644740557657124365833637963919654851370186470930906
835	17295.36687058124084222133434323880012314768451413167767077865940206509266160997
836	17295.27754837411908834302225951002136247551105801843388228884799874384331792556
837	17295.19617076955296588755992985992815151916871141910404430573376237886245854839
838	17295.12136548280974808623761272349841003780584668684351272593643308473386262584
839	17295.05206806994214104697014500255140185503954212141734989917568288177914616724
840	17441.4057882748846523005268670289942001624815991713662400543387926071663031881
841	17441.21095273431015992442240143854463130645857469054543501171015949766676922993
842	17441.05283537151609574867567020212903973966203685827035780231208980432795996398
843	17440.92294085740438549337075396748665335070158354288209900075847205408574820969
844	17440.81479199898838267671471211119749558360004228668831838895463041029241278881
845	17440.72344875784624921885776110546259434782708951349138155977521504462259132379
846	17440.64514174825292572066277222778982581186583831850432205290965746705303469241
847	17440.57699305573829463783802932935413328541672656107098902614565788660497976726
848	17440.5168036257299570580366161090866132791038743623123075435952586467567897639
849	17440.46289138153669655661699608969350757086695426295684684986818062133261760797
850	17141.49696056844700727235633702634764789657254978265628388192406396021361254725
851	17141.31320615271473635639688636605262889447934790861598502595938277455999236443
852	17141.14641791387303016562613984659655079769383169942821415789241032363198519612
853	17140.99387102760488579669710931392685169327148118870406561591278761046423115893
854	17140.85341620185378004841291565090662657526410237829942754798504057774077592365
855	17140.7233468990722992285253409891569169409427489885151770814705145011293420596
856	17140.60229793381506247519633324304624025157140066867053950949404880004505256609
857	17140.48916798053250106543258946709346997072096272267879683811667899062607861783
858	17140.38306030750197836905341004667555225791036369116868983945876100515336917077
859	17140.28323740816681286963840801537774605564758959421879443519448050819022309963
860	18638.79531717789430005565756756652457363140043591791718232883614597054412104476
861	18638.63374882219999102358850375731749603181585459358932870326213099576623799891
862	18638.48039586561410333199222977603797140239269272731746658865019570384284030716
863	18638.3339843706142084747974488391716077381781365994358571159957609226898813538
864	18638.19354542809896498306913191013431297641516891995570424172258998896002366666
865	18638.05833629328427391702475717185866862062811499476305491673265767844836004938
866	18637.92778216651136324977758253446472156188967390581813007036926075878679864922
867	18637.80143320115670738486649696913650071272136587869664539091489182168965868805
868	18637.67893274361026889779334871525932347518866652082282920027110222520916360187
869	18637.55999385935030427153654833773061264002986324203308561916654364190591785373
870	18102.93509122419835758662984465260814390087449211875902448543896136544659892227
871	18102.54227966067859828953336316946212912404325924682767219873969868625952790538
872	18102.21643264065983544842703771569425354006793584196831186391928342872371563995
873	18101.94152280714295562561822077301417818598703612067653160371504098422847469497
874	18101.70564033748998921592942178268062126170996340548613076956078130562830177215
875	18101.49992066658158219969948715892862457443022471763456919084560579675281147509
876	18101.31775211845387357373267906509480026320334798391636974011226786922444343225
877	18101.15419040460777371019153377548472536821016392436479401600776460849882497502
878	18101.00552597322052382376368823521011888909474921369952311904501529292999031157
879	18100.8689642816598930488654769326704032651449733221781725502564452603784639562
880	17671.37139872850627773790161715122574434543372381603735239416703777599700060872
881	17671.23381081571018403661447244133680957612345343055430033861773802953154985181
882	17671.10396050281022506847103719845294585915014741739687070856199565275253456021
883	17670.98136733472425342060706386579119491230840389726466013119524540914615267183
884	17670.86558713855727869209459830700191290675224247634432773724774326093122644855
885	17670.75620796869417581929827971252107064680236467194527049249468512763370557045
886	17670.65284675056007503488100575589596833760716504753782975030669630487245543366
887	17670.555146470597891279040206950344259670614505257804389814868522880965858032
888	17670.46277379604536639324830728039260960767598755936529547717002223914954490761
889	17670.37541703541914071312109614502941168612786652324339174708037876869685450819
890	17768.52960321216017319540418586008122697552243666050998947537917329078199187847
891	17768.00082143137035895420171525859637028616617918523602852516514502750418119608
892	17767.59059922707293491768141470754688291291814591635407346597542078698248270829
893	17767.26956678876883211543550945718763016100687291296857385956346788644527997744
894	17767.01578223918057286830240969183412461250570505684148017879284849057912626955
895	17766.81284335431417582016035741932862409845232281375680435228941414611943123781
896	17766.6484800659198966463436075002456457177899720984844497071356489321946377593
897	17766.51350529897208490563018790225837397829093499290482533898365714797157495878
898	17766.40103285170018160768164877025226320327063366898213584146713009902456561663
899	17766.30589427786181552186205930711180056494687622532569454748441506713920059668
900	18188.55391996219472424036723061736610011499418005043645827879154464845394494171
901	18187.91897503183033400182003268352830184766116179204788210301971848226746976538
902	18187.43421621879086420235502036658499619683177504419598471893556407709119634306
903	18187.06163605825070976533810653536075684970426432732933739423777565053078383586
904	18186.77301703416022496619355509577194529470134667432904878168989709675756657803
905	18186.54739474223723063098827139951511883947223759857671945681116334178382259732
906	18186.36918043412475921681021170930881358222022198077811487391987771292085445485
907	18186.22677120029480528654660659625359050053240397839094245550100262690792058084
908	18186.11152083386862120162273500392288912472885992772886861254358768128984278837
909	18186.01697752801243870673897733508056828401940089078652089178892302230757469159
910	18577.87623905083434219070784604387271527013262999218882541824935977856546413529
911	18577.17664680299069419186127059348958817147616989717785591956327985499591556966
912	18576.64441915770362846936519832308046647978065155856111084279251818703653363479
913	18576.23705970427700121952836807167208851139060279446764870310793232923575865655
914	18575.92299350909333382490197809496141120131542805393982015377070990758668218425
915	18575.67874563831056256193339780129231880125206065392835670092166188654834324401
916	18575.48685174062052297724069321181354360742522146702563836872755040948842484345
917	18575.33430994410789096053117468987441456093676631685407683438748149262324649633
918	18575.2114332174743291634745394144838134703530555392907724939684698423368594612
919	18575.11099815262217642579247209106564062698905001638234886909057933737464506998
920	18330.11402270233537958615119184799450202962162422856869236450777425572013992122
921	18330.07083151437295185258964481570254505703762333460989338337720049520729220971
922	18330.03535298654540109302604419526806554222062183023065697878819000734093490794
923	18330.00576190678112214718253212763997104034293414617853591926754439629817467536
924	18329.9806822080728612733570266735673608944999130746303285666962405435529004275
925	18329.95907548068080492512607102381843129443284985037255787932119800664599532222
926	18329.94015725018447013390739051001176020661235598704594053813298571512632147979
927	18329.92333408854710743889794017869575041249652900824103610132800169342873436653
928	18329.90815636135119939271382046513943598149085076194547029715459692073485233395
929	18329.89428271415839257686142660463373178890984706061790472830092400259376193189
930	17799.03410395607745663606313207399849039866359997425478453595285921214066735118
931	17798.75185808011964655835465869604751300656058997202803532741521890976355961674
932	17798.51788550304253122799619997744712878343849314192840126071111914201573076797
933	17798.32074143166182852073437902890656453276843300762023941850950020777876978938
934	17798.15193217071310123274980113221005486836750703564129926520306461300836925753
935	17798.00514008018903674209454961064641445546885693247481164959740687162488032304
936	17797.87565293300228157296019373656431284315283959022381420305823507900936908847
937	17797.75994371535255992831136286477684360237461338304430246491025973066374661979
938	17797.65536115305738373546478723374536008606513613082436139495295534467312833902
939	17797.55990173429664247730914733014189923592269354810512470617279355608385237239
940	17191.40617322164036329036991240746217141536593307730126396504970820760632591024
941	17190.84071326728616218199341761024892725539957905283345551051623626700355502776
942	17190.36416556533679040531281098427113552222213675197318096288194773636042859744
943	17189.95663706042611571009577970650285444612130179459527562542716045095286896249
944	17189.60306713821336070346349497137353871429926229051506953699605307212177419002
945	17189.2920344228283307292036783900958230333711028733822362532784995478687121151
946	17189.01485916238707433009116069415383967529305318387779248285131369815004489964
947	17188.7649279648946387230536356395526404699412097957178427072500657325120994834
948	17188.53718576432239887714646980234452637264848254365116742788177175579881946898
949	17188.32775354978262532872754465662672081172737918163647278269113345706500686262
950	17827.29768801155289620632454042619570802184718377826337714338834549536696621651
951	17826.93207961127942913715508090921293986388842618434240195610083739915953285528
952	17826.63934515902464085557549833675670201683347874803546034698860599479570894205
953	17826.40229671100329285238922257791715155052472251067978456092736141547089856496
954	17826.20792684463811663891182273486693621972037973074545195195633234868580261291
955	17826.04638344595806258187501281914104179029011758071540009799002900906538712604
956	17825.91019716151491727989214320346151180828511788521542904235561728641500300916
957	17825.79369894641539799388100887065921271605189176674595238902432051585586401066
958	17825.69258071269478333180783783448416101307330266479816930273958180878123102257
959	17825.60356375920889158155727833346290723319282245965636111964785737167623504721
960	18331.55241251053782822283650626516639398440218383577980824522520894943033173144
961	18331.15733514454289908270956893487077489755564386237318986835497615450853983446
962	18330.82354245972698174145068146256596070075418082874441801015507764104012424738
963	18330.53752805128958517612686181798638949405811724911302479786195717280985201161
964	18330.28903857251688038670734539608393992342669492562630537791419330469808739014
965	18330.07027329058189886440417410334014589824231113743018564974943073740344731008
966	18329.87528212380911783917253373898694481033097664969568812575512751576892959088
967	18329.69951267245533913037200274451059219997533670481546136128526517636403088287
968	18329.53946916493502364399524480601442450115619291785286935034706695229932117653
969	18329.3924555194383055826403153821314544455867487565898545915604500171902011483
970	17551.42584092898715074770273798335891090435433272533977891296098874189636128924
971	17551.23958746278551298040155877872044514300171978180977767873896150199230793161
972	17551.0598257039763875720560611908069597225403664517702279055841901385200683704
973	17550.88629885814032819723575692310241440809800847542637820886104874340667135622
974	17550.71876478711988585580920481459642397700700640577878505991662638848952962229
975	17550.55699429724828714679972492267235675954334720195112376952935663211454000594
976	17550.40076975948812380588615820863521343011222201735767714108564999912937276392
977	17550.2498839866972171201586901870376685235412168760018904656901101347410122933
978	17550.10413931061513702502557284691036466936526142629918810952653386748505927688
979	17549.96334681447978249648098252872612532687970721315846779882214641461511970684
980	18384.44031483241181919287413809923202483807696141864074381867320812396825811998
981	18383.93908680088636362885713120240783706264421505778212201053368301498733781193
982	18383.53075473472764307979797978464089667376191255572921867713041125553945687079
983	18383.19248803873270887195546957556840583782696112256564353193091376930779040881
984	18382.90751927466918880815045144266030382591244509691182960672481727420818889505
985	18382.66350088339330126934169528106093864486296100436371519814195562863492235443
986	18382.4513102388702206203441803362222066408025181548109303878067113725952186159
987	18382.26418033766641693325857622666164523931879212241988842070584537404967068308
988	18382.09706706269257829155772884361555175181980904778575441107851872856735263077
989	18381.94618837150611323026353015014765733277605946172573317824807880660369473053
990	18750.15875675750873161709037564040548892814218828268712517989634373802206499875
991	18750.00926647205410806294103896995601719709876732860813902238561450344108678713
992	18749.87821543830078893300161078600001906208930027284216908108935242339063565979
993	18749.76122533095486573871384549063314817996810754421062332156051688933055626003
994	18749.65512077565786616512576938291100247356014425266913344216510622107968538028
995	18749.55759126519395606292103497591988053955133379314489939430102037874754630854
996	18749.46694845012582129613436972961271729894164104832502292638770666979276409392
997	18749.38195187342865987053130556615033786907351102795727497504542327640953333533
998	18749.3016838263204979330292562163117299944910856851806924462800414804307174915
999	18749.22545946044164886346809759424003210020397527062757576109876337292685314367
1000	18749.15276220725444686925112633612896633563678137547715844133302844143782669928
