0	-8.072558853466411
1	-8.074420028242267
2	-8.07621267169211
3	-8.077940280375184
4	-8.079606156892172
5	-8.081213420458718
6	-8.082765016963194
7	-8.084263728525322
8	-8.085712182572928
9	-8.087112860454672
10	-8.088468105606728
11	-8.089780131291619
12	-8.091051027927275
13	-8.09228277002427
14	-8.093477222748856
15	-8.094636148129192
16	-8.095761210921626
17	-8.096853984153515
18	-8.097915954358518
19	-8.098948526519827
20	-8.099953028736167
21	-8.100930716624923
22	-8.101882777476126
23	-8.102810334170485
24	-8.10371444887407
25	-8.10459612652169
26	-8.105456318100485
27	-8.106295923744682
28	-8.10711579565193
29	-8.107916740831168
30	-8.108699523691415
31	-8.109464868480455
32	-8.110213461581903
33	-8.110945953678671
34	-8.111662961790483
35	-8.112365071192633
36	-8.11305283722282
37	-8.113726786982497
38	-8.11438742093885
39	-8.11503521443316
40	-8.115670619100992
41	-8.116294064209338
42	-8.11690595791557
43	-8.117506688452774
44	-8.11809662524578
45	-8.118676119961945
46	-8.119245507500525
47	-8.119805106924256
48	-8.120355222336539
49	-8.120896143707437
50	-8.121428147651496
51	-8.121951498160252
52	-8.122466447292082
53	-8.122973235821934
54	-8.123472093853296
55	-8.123963241394648
56	-8.124446888902488
57	-8.12492323779292
58	-8.125392480923667
59	-8.125854803048234
60	-8.126310381243913
61	-8.126759385315127
62	-8.127201978173618
63	-8.127638316196819
64	-8.128068549565718
65	-8.128492822583402
66	-8.128911273975463
67	-8.12932403717329
68	-8.129731240581302
69	-8.130133007829029
70	-8.130529458008965
71	-8.130920705901026
72	-8.131306862184374
73	-8.1316880336374
74	-8.13206432332651
75	-8.132435830784415
76	-8.132802652178501
77	-8.13316488046991
78	-8.133522605563813
79	-8.133875914451453
80	-8.13422489134439
81	-8.134569617801441
82	-8.1349101728487
83	-8.135246633093084
84	-8.135579072829744
85	-8.13590756414373
86	-8.136232177006208
87	-8.136552979365568
88	-8.136870037233718
89	-8.137183414767826
90	-8.137493174347794
91	-8.137799376649667
92	-8.138102080715278
93	-8.138401344018266
94	-8.138697222526748
95	-8.138989770762759
96	-8.13927904185873
97	-8.139565087611086
98	-8.139847958531188
99	-8.140127703893747
100	-8.140404371782832
101	-8.140678009135653
102	-8.140948661784199
103	-8.141216374494878
104	-8.141481191006251
105	-8.141743154064976
106	-8.142002305460071
107	-8.14225868605555
108	-8.14251233582158
109	-8.142763293864185
110	-8.143011598453594
111	-8.14325728705133
112	-8.143500396336064
113	-8.143740962228346
114	-8.143979019914228
115	-8.144214603867884
116	-8.144447747873228
117	-8.144678485044635
118	-8.144906847846785
119	-8.145132868113665
120	-8.145356577066785
121	-8.145578005332672
122	-8.145797182959633
123	-8.146014139433856
124	-8.14622890369487
125	-8.146441504150415
126	-8.146651968690705
127	-8.146860324702175
128	-8.1470665990807
129	-8.147270818244307
130	-8.147473008145429
131	-8.147673194282708
132	-8.147871401712376
133	-8.148067655059208
134	-8.148261978527135
135	-8.148454395909418
136	-8.14864493059855
137	-8.148833605595746
138	-8.14902044352017
139	-8.149205466617827
140	-8.149388696770163
141	-8.149570155502408
142	-8.149749863991609
143	-8.149927843074456
144	-8.150104113254827
145	-8.150278694711117
146	-8.15045160730334
147	-8.150622870580001
148	-8.15079250378479
149	-8.150960525863052
150	-8.151126955468076
151	-8.151291810967209
152	-8.151455110447788
153	-8.151616871722903
154	-8.151777112336998
155	-8.15193584957132
156	-8.152093100449228
157	-8.15224888174133
158	-8.152403209970513
159	-8.152556101416812
160	-8.152707572122175
161	-8.152857637895094
162	-8.153006314315105
163	-8.153153616737182
164	-8.153299560296038
165	-8.153444159910276
166	-8.153587430286482
167	-8.15372938592318
168	-8.153870041114715
169	-8.154009409955027
170	-8.154147506341348
171	-8.154284343977796
172	-8.154419936378893
173	-8.154554296872996
174	-8.154687438605654
175	-8.154819374542884
176	-8.154950117474364
177	-8.155079680016566
178	-8.155208074615818
179	-8.155335313551282
180	-8.155461408937883
181	-8.155586372729157
182	-8.15571021672006
183	-8.155832952549682
184	-8.155954591703935
185	-8.15607514551816
186	-8.156194625179692
187	-8.15631304173036
188	-8.15643040606894
189	-8.156546728953561
190	-8.15666202100404
191	-8.156776292704198
192	-8.156889554404101
193	-8.157001816322271
194	-8.157113088547849
195	-8.157223381042709
196	-8.157332703643526
197	-8.157441066063821
198	-8.157548477895933
199	-8.157654948612985
200	-8.157760487570789
201	-8.157865104009721
202	-8.157968807056553
203	-8.158071605726263
204	-8.158173508923785
205	-8.158274525445753
206	-8.158374663982194
207	-8.15847393311818
208	-8.158572341335487
209	-8.158669897014159
210	-8.158766608434105
211	-8.158862483776627
212	-8.158957531125932
213	-8.15905175847061
214	-8.159145173705102
215	-8.159237784631104
216	-8.15932959895898
217	-8.15942062430913
218	-8.159510868213347
219	-8.159600338116125
220	-8.159689041375966
221	-8.159776985266658
222	-8.159864176978507
223	-8.159950623619594
224	-8.160036332216949
225	-8.16012130971776
226	-8.160205562990512
227	-8.160289098826148
228	-8.160371923939188
229	-8.160454044968802
230	-8.160535468479925
231	-8.1606162009643
232	-8.160696248841525
233	-8.160775618460065
234	-8.160854316098277
235	-8.160932347965387
236	-8.161009720202458
237	-8.161086438883343
238	-8.161162510015638
239	-8.161237939541572
240	-8.16131273333894
241	-8.161386897221977
242	-8.161460436942235
243	-8.161533358189436
244	-8.161605666592324
245	-8.161677367719488
246	-8.16174846708018
247	-8.16181897012511
248	-8.16188888224724
249	-8.16195820878255
250	-8.162026955010818
251	-8.16209512615634
252	-8.162162727388683
253	-8.162229763823406
254	-8.162296240522773
255	-8.162362162496445
256	-8.16242753470217
257	-8.162492362046464
258	-8.162556649385278
259	-8.162620401524633
260	-8.162683623221294
261	-8.162746319183377
262	-8.162808494070985
263	-8.162870152496817
264	-8.162931299026766
265	-8.162991938180523
266	-8.163052074432148
267	-8.163111712210657
268	-8.163170855900571
269	-8.163229509842486
270	-8.163287678333614
271	-8.16334536562832
272	-8.163402575938651
273	-8.163459313434867
274	-8.163515582245939
275	-8.163571386460069
276	-8.163626730125175
277	-8.16368161724939
278	-8.16373605180154
279	-8.163790037711617
280	-8.163843578871251
281	-8.163896679134162
282	-8.163949342316622
283	-8.164001572197897
284	-8.164053372520687
285	-8.164104746991555
286	-8.164155699281363
287	-8.164206233025673
288	-8.164256351825188
289	-8.164306059246131
290	-8.164355358820668
291	-8.164404254047286
292	-8.164452748391195
293	-8.164500845284707
294	-8.16454854812761
295	-8.164595860287553
296	-8.164642785100394
297	-8.164689325870578
298	-8.164735485871486
299	-8.16478126834578
300	-8.164826676505774
301	-8.164871713533739
302	-8.164916382582268
303	-8.164960686774595
304	-8.165004629204923
305	-8.165048212938744
306	-8.165091441013168
307	-8.165134316437225
308	-8.165176842192167
309	-8.165219021231795
310	-8.165260856482739
311	-8.16530235084476
312	-8.165343507191043
313	-8.165384328368487
314	-8.165424817197984
315	-8.165464976474702
316	-8.165504808968361
317	-8.165544317423501
318	-8.165583504559761
319	-8.165622373072129
320	-8.165660925631219
321	-8.165699164883517
322	-8.165737093451645
323	-8.165774713934603
324	-8.165812028908022
325	-8.165849040924408
326	-8.165885752513388
327	-8.165922166181934
328	-8.165958284414616
329	-8.165994109673814
330	-8.166029644399972
331	-8.166064891011798
332	-8.166099851906504
333	-8.16613452946002
334	-8.166168926027211
335	-8.166203043942094
336	-8.16623688551805
337	-8.16627045304803
338	-8.166303748804761
339	-8.166336775040957
340	-8.166369533989506
341	-8.166402027863695
342	-8.166434258857368
343	-8.166466229145158
344	-8.166497940882651
345	-8.166529396206593
346	-8.166560597235065
347	-8.166591546067675
348	-8.166622244785732
349	-8.166652695452434
350	-8.166682900113045
351	-8.166712860795068
352	-8.166742579508412
353	-8.16677205824558
354	-8.166801298981824
355	-8.166830303675319
356	-8.166859074267323
357	-8.166887612682345
358	-8.166915920828309
359	-8.16694400059671
360	-8.166971853862762
361	-8.166999482485577
362	-8.1670268883083
363	-8.167054073158258
364	-8.167081038847138
365	-8.1671077871711
366	-8.167134319910947
367	-8.167160638832268
368	-8.167186745685575
369	-8.167212642206445
370	-8.16723833011567
371	-8.167263811119382
372	-8.167289086909204
373	-8.167314159162377
374	-8.167339029541896
375	-8.167363699696644
376	-8.16738817126152
377	-8.167412445857575
378	-8.167436525092134
379	-8.167460410558926
380	-8.16748410383821
381	-8.167507606496894
382	-8.167530920088673
383	-8.167554046154121
384	-8.167576986220846
385	-8.167599741803583
386	-8.167622314404325
387	-8.167644705512432
388	-8.167666916604748
389	-8.167688949145724
390	-8.16771080458751
391	-8.167732484370088
392	-8.167753989921367
393	-8.167775322657302
394	-8.167796483981995
395	-8.167817475287805
396	-8.167838297955454
397	-8.167858953354127
398	-8.167879442841583
399	-8.167899767764252
400	-8.167919929457337
401	-8.167939929244909
402	-8.167959768440024
403	-8.167979448344795
404	-8.167998970250517
405	-8.168018335437736
406	-8.168037545176368
407	-8.168056600725777
408	-8.16807550333487
409	-8.168094254242202
410	-8.168112854676057
411	-8.168131305854534
412	-8.168149608985642
413	-8.168167765267397
414	-8.168185775887896
415	-8.168203642025409
416	-8.16822136484847
417	-8.168238945515956
418	-8.168256385177168
419	-8.168273684971926
420	-8.16829084603064
421	-8.168307869474406
422	-8.168324756415066
423	-8.16834150795531
424	-8.168358125188737
425	-8.16837460919995
426	-8.168390961064624
427	-8.168407181849581
428	-8.168423272612875
429	-8.168439234403866
430	-8.16845506826329
431	-8.16847077522333
432	-8.168486356307701
433	-8.16850181253172
434	-8.168517144902363
435	-8.168532354418364
436	-8.168547442070256
437	-8.168562408840467
438	-8.168577255703369
439	-8.168591983625358
440	-8.16860659356492
441	-8.168621086472703
442	-8.168635463291565
443	-8.168649724956667
444	-8.168663872395522
445	-8.168677906528059
446	-8.168691828266695
447	-8.168705638516398
448	-8.168719338174744
449	-8.168732928131986
450	-8.168746409271106
451	-8.168759782467895
452	-8.168773048590992
453	-8.168786208501965
454	-8.16879926305535
455	-8.168812213098729
456	-8.168825059472773
457	-8.168837803011316
458	-8.1688504445414
459	-8.16886298488333
460	-8.168875424850746
461	-8.168887765250666
462	-8.168900006883545
463	-8.16891215054333
464	-8.168924197017516
465	-8.168936147087194
466	-8.168948001527117
467	-8.16895976110574
468	-8.168971426585276
469	-8.168982998721761
470	-8.168994478265077
471	-8.169005865959036
472	-8.16901716254141
473	-8.169028368743986
474	-8.169039485292615
475	-8.169050512907265
476	-8.169061452302072
477	-8.16907230418538
478	-8.169083069259791
479	-8.16909374822222
480	-8.169104341763935
481	-8.169114850570608
482	-8.169125275322354
483	-8.16913561669379
484	-8.16914587535407
485	-8.16915605196693
486	-8.16916614719074
487	-8.169176161678546
488	-8.16918609607811
489	-8.169195951031952
490	-8.169205727177404
491	-8.169215425146643
492	-8.169225045566739
493	-8.169234589059691
494	-8.169244056242476
495	-8.169253447727087
496	-8.16926276412057
497	-8.169272006025071
498	-8.169281174037877
499	-8.169290268751451
500	-8.16929929075347
501	-8.169308240626872
502	-8.169317118949891
503	-8.169325926296093
504	-8.169334663234421
505	-8.169343330329221
506	-8.169351928140294
507	-8.169360457222929
508	-8.169368918127931
509	-8.169377311401664
510	-8.169385637586096
511	-8.169393897218816
512	-8.169402090833092
513	-8.169410218957886
514	-8.169418282117899
515	-8.169426280833612
516	-8.169434215621305
517	-8.169442086993103
518	-8.169449895457008
519	-8.169457641516933
520	-8.16946532567273
521	-8.169472948420225
522	-8.169480510251258
523	-8.169488011653709
524	-8.169495453111528
525	-8.169502835104776
526	-8.169510158109645
527	-8.169517422598503
528	-8.169524629039909
529	-8.169531777898662
530	-8.169538869635813
531	-8.169545904708716
532	-8.16955288357104
533	-8.169559806672803
534	-8.169566674460414
535	-8.169573487376686
536	-8.169580245860875
537	-8.169586950348704
538	-8.169593601272394
539	-8.1696001990607
540	-8.169606744138918
541	-8.169613236928937
542	-8.169619677849251
543	-8.169626067314994
544	-8.169632405737966
545	-8.169638693526654
546	-8.169644931086271
547	-8.16965111881877
548	-8.169657257122875
549	-8.169663346394117
550	-8.169669387024836
551	-8.169675379404234
552	-8.169681323918388
553	-8.169687220950262
554	-8.169693070879765
555	-8.169698874083743
556	-8.169704630936016
557	-8.169710341807415
558	-8.169716007065784
559	-8.16972162707602
560	-8.169727202200091
561	-8.16973273279706
562	-8.16973821922311
563	-8.169743661831566
564	-8.169749060972913
565	-8.169754416994834
566	-8.16975973024222
567	-8.169765001057183
568	-8.169770229779113
569	-8.169775416744661
570	-8.169780562287784
571	-8.169785666739758
572	-8.169790730429206
573	-8.169795753682113
574	-8.169800736821855
575	-8.169805680169206
576	-8.169810584042379
577	-8.169815448757026
578	-8.169820274626273
579	-8.169825061960736
580	-8.169829811068544
581	-8.16983452225535
582	-8.169839195824359
583	-8.169843832076346
584	-8.16984843130968
585	-8.169852993820328
586	-8.169857519901898
587	-8.169862009845636
588	-8.169866463940458
589	-8.169870882472964
590	-8.169875265727457
591	-8.169879613985962
592	-8.169883927528247
593	-8.169888206631835
594	-8.169892451572027
595	-8.169896662621918
596	-8.169900840052417
597	-8.169904984132264
598	-8.169909095128041
599	-8.1699131733042
600	-8.169917218923072
601	-8.169921232244889
602	-8.169925213527796
603	-8.16992916302787
604	-8.169933080999144
605	-8.169936967693605
606	-8.169940823361237
607	-8.16994464825001
608	-8.169948442605913
609	-8.169952206672964
610	-8.169955940693228
611	-8.169959644906832
612	-8.16996331955198
613	-8.16996696486497
614	-8.16997058108021
615	-8.169974168430223
616	-8.169977727145682
617	-8.169981257455401
618	-8.169984759586374
619	-8.169988233763771
620	-8.169991680210963
621	-8.16999509914953
622	-8.16999849079928
623	-8.170001855378263
624	-8.170005193102782
625	-8.170008504187408
626	-8.170011788844995
627	-8.170015047286698
628	-8.170018279721976
629	-8.170021486358616
630	-8.170024667402737
631	-8.170027823058817
632	-8.17003095352969
633	-8.170034059016569
634	-8.17003713971906
635	-8.170040195835167
636	-8.170043227561314
637	-8.170046235092348
638	-8.170049218621568
639	-8.17005217834071
640	-8.170055114439991
641	-8.170058027108098
642	-8.170060916532211
643	-8.170063782898012
644	-8.1700666263897
645	-8.170069447189993
646	-8.170072245480156
647	-8.170075021439999
648	-8.170077775247895
649	-8.170080507080794
650	-8.17008321711422
651	-8.170085905522303
652	-8.170088572477777
653	-8.170091218151995
654	-8.17009384271494
655	-8.170096446335227
656	-8.170099029180136
657	-8.170101591415602
658	-8.170104133206234
659	-8.17010665471532
660	-8.17010915610485
661	-8.170111637535513
662	-8.170114099166716
663	-8.170116541156588
664	-8.170118963661995
665	-8.170121366838549
666	-8.170123750840618
667	-8.170126115821336
668	-8.170128461932608
669	-8.170130789325132
670	-8.170133098148394
671	-8.170135388550687
672	-8.170137660679123
673	-8.170139914679625
674	-8.170142150696966
675	-8.170144368874748
676	-8.170146569355435
677	-8.17014875228034
678	-8.170150917789657
679	-8.170153066022458
680	-8.170155197116694
681	-8.170157311209223
682	-8.170159408435804
683	-8.170161488931116
684	-8.170163552828752
685	-8.170165600261244
686	-8.170167631360066
687	-8.170169646255632
688	-8.170171645077321
689	-8.17017362795348
690	-8.170175595011422
691	-8.170177546377445
692	-8.170179482176843
693	-8.170181402533904
694	-8.17018330757192
695	-8.170185197413199
696	-8.170187072179075
697	-8.170188931989912
698	-8.170190776965104
699	-8.1701926072231
700	-8.1701944228814
701	-8.170196224056559
702	-8.170198010864208
703	-8.17019978341905
704	-8.170201541834874
705	-8.170203286224554
706	-8.170205016700068
707	-8.170206733372495
708	-8.170208436352029
709	-8.170210125747982
710	-8.170211801668792
711	-8.170213464222028
712	-8.17021511351441
713	-8.170216749651791
714	-8.170218372739187
715	-8.170219982880772
716	-8.170221580179888
717	-8.170223164739049
718	-8.170224736659954
719	-8.170226296043486
720	-8.170227842989723
721	-8.170229377597947
722	-8.170230899966638
723	-8.170232410193499
724	-8.17023390837544
725	-8.170235394608612
726	-8.170236868988384
727	-8.170238331609374
728	-8.170239782565435
729	-8.170241221949675
730	-8.170242649854458
731	-8.170244066371406
732	-8.170245471591414
733	-8.17024686560465
734	-8.170248248500556
735	-8.17024962036787
736	-8.17025098129461
737	-8.170252331368097
738	-8.170253670674951
739	-8.170254999301106
740	-8.170256317331802
741	-8.170257624851603
742	-8.170258921944395
743	-8.170260208693396
744	-8.170261485181156
745	-8.170262751489567
746	-8.17026400769987
747	-8.170265253892651
748	-8.170266490147858
749	-8.170267716544796
750	-8.170268933162141
751	-8.170270140077935
752	-8.1702713373696
753	-8.170272525113939
754	-8.170273703387142
755	-8.17027487226479
756	-8.170276031821857
757	-8.170277182132725
758	-8.170278323271178
759	-8.17027945531041
760	-8.17028057832303
761	-8.170281692381069
762	-8.170282797555982
763	-8.170283893918654
764	-8.1702849815394
765	-8.170286060487978
766	-8.17028713083359
767	-8.170288192644877
768	-8.17028924598994
769	-8.170290290936332
770	-8.170291327551073
771	-8.170292355900637
772	-8.170293376050973
773	-8.170294388067505
774	-8.17029539201513
775	-8.170296387958233
776	-8.170297375960677
777	-8.170298356085821
778	-8.170299328396515
779	-8.17030029295511
780	-8.170301249823453
781	-8.170302199062906
782	-8.17030314073433
783	-8.170304074898112
784	-8.17030500161415
785	-8.17030592094186
786	-8.170306832940193
787	-8.170307737667624
788	-8.170308635182156
789	-8.170309525541343
790	-8.17031040880226
791	-8.17031128502155
792	-8.170312154255377
793	-8.17031301655948
794	-8.170313871989135
795	-8.170314720599192
796	-8.170315562444053
797	-8.170316397577686
798	-8.170317226053632
799	-8.170318047925006
800	-8.17031886324449
801	-8.170319672064355
802	-8.17032047443645
803	-8.170321270412211
804	-8.170322060042661
805	-8.170322843378422
806	-8.170323620469702
807	-8.170324391366318
808	-8.170325156117684
809	-8.170325914772821
810	-8.170326667380355
811	-8.17032741398853
812	-8.1703281546452
813	-8.17032888939784
814	-8.170329618293545
815	-8.170330341379032
816	-8.170331058700645
817	-8.170331770304363
818	-8.170332476235794
819	-8.170333176540181
820	-8.170333871262407
821	-8.170334560447003
822	-8.170335244138132
823	-8.17033592237961
824	-8.17033659521491
825	-8.170337262687148
826	-8.170337924839101
827	-8.170338581713203
828	-8.170339233351552
829	-8.170339879795906
830	-8.17034052108769
831	-8.170341157268004
832	-8.170341788377609
833	-8.170342414456954
834	-8.170343035546153
835	-8.170343651685009
836	-8.170344262913003
837	-8.1703448692693
838	-8.170345470792755
839	-8.170346067521908
840	-8.170346659495001
841	-8.170347246749959
842	-8.170347829324413
843	-8.170348407255691
844	-8.17034898058082
845	-8.170349549336539
846	-8.170350113559284
847	-8.170350673285208
848	-8.17035122855017
849	-8.17035177938975
850	-8.170352325839236
851	-8.170352867933635
852	-8.170353405707683
853	-8.17035393919583
854	-8.170354468432256
855	-8.170354993450866
856	-8.170355514285294
857	-8.170356030968907
858	-8.170356543534805
859	-8.170357052015824
860	-8.170357556444536
861	-8.170358056853258
862	-8.170358553274045
863	-8.170359045738698
864	-8.170359534278761
865	-8.17036001892553
866	-8.170360499710052
867	-8.17036097666312
868	-8.17036144981529
869	-8.170361919196868
870	-8.170362384837919
871	-8.17036284676827
872	-8.170363305017506
873	-8.170363759614983
874	-8.170364210589817
875	-8.170364657970893
876	-8.170365101786865
877	-8.17036554206616
878	-8.170365978836976
879	-8.17036641212729
880	-8.17036684196485
881	-8.170367268377186
882	-8.170367691391611
883	-8.170368111035213
884	-8.170368527334873
885	-8.170368940317246
886	-8.170369350008784
887	-8.170369756435726
888	-8.170370159624097
889	-8.170370559599721
890	-8.17037095638821
891	-8.170371350014975
892	-8.170371740505226
893	-8.170372127883963
894	-8.170372512176
895	-8.170372893405942
896	-8.170373271598201
897	-8.170373646777001
898	-8.17037401896636
899	-8.170374388190112
900	-8.170374754471899
901	-8.170375117835178
902	-8.170375478303217
903	-8.170375835899094
904	-8.170376190645708
905	-8.170376542565773
906	-8.170376891681823
907	-8.17037723801621
908	-8.170377581591111
909	-8.170377922428527
910	-8.170378260550276
911	-8.17037859597801
912	-8.170378928733202
913	-8.170379258837162
914	-8.170379586311018
915	-8.170379911175742
916	-8.170380233452132
917	-8.170380553160816
918	-8.17038087032227
919	-8.170381184956794
920	-8.170381497084534
921	-8.17038180672547
922	-8.170382113899427
923	-8.17038241862607
924	-8.17038272092491
925	-8.17038302081529
926	-8.170383318316418
927	-8.170383613447335
928	-8.170383906226936
929	-8.170384196673961
930	-8.170384484807004
931	-8.170384770644509
932	-8.170385054204777
933	-8.170385335505955
934	-8.170385614566051
935	-8.17038589140293
936	-8.170386166034312
937	-8.170386438477772
938	-8.170386708750756
939	-8.170386976870562
940	-8.17038724285435
941	-8.170387506719145
942	-8.170387768481838
943	-8.170388028159184
944	-8.170388285767803
945	-8.170388541324183
946	-8.170388794844683
947	-8.17038904634553
948	-8.170389295842817
949	-8.170389543352513
950	-8.170389788890466
951	-8.170390032472383
952	-8.17039027411386
953	-8.170390513830359
954	-8.170390751637223
955	-8.17039098754967
956	-8.1703912215828
957	-8.170391453751591
958	-8.170391684070903
959	-8.170391912555473
960	-8.170392139219922
961	-8.170392364078761
962	-8.170392587146377
963	-8.170392808437047
964	-8.17039302796493
965	-8.170393245744075
966	-8.170393461788422
967	-8.170393676111791
968	-8.1703938887279
969	-8.170394099650357
970	-8.170394308892657
971	-8.17039451646819
972	-8.170394722390236
973	-8.17039492667198
974	-8.170395129326486
975	-8.170395330366723
976	-8.170395529805559
977	-8.170395727655752
978	-8.170395923929965
979	-8.170396118640753
980	-8.17039631180058
981	-8.1703965034218
982	-8.170396693516679
983	-8.170396882097377
984	-8.17039706917596
985	-8.1703972547644
986	-8.170397438874572
987	-8.170397621518253
988	-8.17039780270713
989	-8.170397982452798
990	-8.170398160766755
991	-8.17039833766041
992	-8.17039851314508
993	-8.170398687231996
994	-8.170398859932293
995	-8.170399031257018
996	-8.170399201217137
997	-8.17039936982352
998	-8.170399537086956
999	-8.170399703018145
1000	-8.170399867627701
1001	-8.17040003092616
1002	-8.170400192923962
1003	-8.170400353631479
1004	-8.170400513058985
1005	-8.170400671216681
1006	-8.170400828114687
1007	-8.170400983763036
1008	-8.170401138171693
1009	-8.170401291350528
1010	-8.170401443309343
1011	-8.170401594057857
1012	-8.17040174360572
1013	-8.17040189196249
1014	-8.17040203913766
1015	-8.170402185140649
1016	-8.170402329980789
1017	-8.170402473667354
1018	-8.170402616209527
1019	-8.17040275761643
1020	-8.170402897897109
1021	-8.170403037060535
1022	-8.17040317511561
1023	-8.170403312071166
1024	-8.170403447935962
1025	-8.17040358271869
1026	-8.17040371642797
1027	-8.170403849072354
1028	-8.170403980660328
1029	-8.170404111200305
1030	-8.17040424070064
1031	-8.170404369169614
1032	-8.17040449661544
1033	-8.170404623046274
1034	-8.170404748470201
1035	-8.170404872895242
1036	-8.170404996329358
1037	-8.170405118780442
1038	-8.170405240256324
1039	-8.170405360764775
1040	-8.170405480313505
1041	-8.170405598910154
1042	-8.170405716562312
1043	-8.170405833277501
1044	-8.170405949063188
1045	-8.170406063926775
1046	-8.17040617787561
1047	-8.170406290916981
1048	-8.170406403058113
1049	-8.170406514306183
1050	-8.170406624668304
1051	-8.170406734151534
1052	-8.170406842762874
1053	-8.170406950509273
1054	-8.170407057397615
1055	-8.170407163434742
1056	-8.17040726862743
1057	-8.17040737298241
1058	-8.170407476506353
1059	-8.170407579205882
1060	-8.17040768108756
1061	-8.170407782157907
1062	-8.170407882423383
1063	-8.170407981890401
1064	-8.170408080565322
1065	-8.170408178454455
1066	-8.170408275564057
1067	-8.170408371900342
1068	-8.17040846746947
1069	-8.17040856227755
1070	-8.170408656330647
1071	-8.170408749634772
1072	-8.170408842195894
1073	-8.170408934019928
1074	-8.170409025112749
1075	-8.170409115480181
1076	-8.170409205128001
1077	-8.170409294061944
1078	-8.170409382287692
1079	-8.170409469810892
1080	-8.170409556637136
1081	-8.170409642771974
1082	-8.170409728220918
1083	-8.170409812989428
1084	-8.17040989708293
1085	-8.170409980506793
1086	-8.170410063266356
1087	-8.170410145366906
1088	-8.170410226813697
1089	-8.170410307611938
1090	-8.170410387766788
1091	-8.170410467283377
1092	-8.170410546166785
1093	-8.17041062442206
1094	-8.170410702054204
1095	-8.170410779068176
1096	-8.170410855468905
1097	-8.170410931261275
1098	-8.170411006450129
1099	-8.170411081040276
1100	-8.170411155036485
1101	-8.170411228443484
1102	-8.17041130126597
1103	-8.170411373508596
1104	-8.170411445175983
1105	-8.170411516272708
1106	-8.170411586803322
1107	-8.17041165677233
1108	-8.170411726184208
1109	-8.17041179504339
1110	-8.170411863354282
1111	-8.170411931121247
1112	-8.170411998348621
1113	-8.170412065040699
1114	-8.170412131201749
1115	-8.170412196835994
1116	-8.17041226194763
1117	-8.170412326540827
1118	-8.170412390619708
1119	-8.17041245418837
1120	-8.170412517250877
1121	-8.17041257981126
1122	-8.17041264187352
1123	-8.170412703441624
1124	-8.170412764519506
1125	-8.170412825111072
1126	-8.170412885220193
1127	-8.170412944850714
1128	-8.170413004006443
1129	-8.170413062691166
1130	-8.170413120908634
1131	-8.170413178662562
1132	-8.170413235956648
1133	-8.170413292794553
1134	-8.170413349179912
1135	-8.170413405116323
1136	-8.170413460607367
1137	-8.170413515656588
1138	-8.170413570267506
1139	-8.170413624443613
1140	-8.17041367818837
1141	-8.170413731505212
1142	-8.170413784397548
1143	-8.170413836868759
1144	-8.170413888922198
1145	-8.170413940561195
1146	-8.170413991789045
1147	-8.170414042609028
1148	-8.170414093024386
1149	-8.170414143038348
1150	-8.170414192654107
1151	-8.170414241874834
1152	-8.170414290703675
1153	-8.170414339143754
1154	-8.170414387198162
1155	-8.170414434869976
1156	-8.170414482162238
1157	-8.170414529077973
1158	-8.17041457562018
1159	-8.17041462179183
1160	-8.170414667595878
1161	-8.170414713035251
1162	-8.170414758112852
1163	-8.170414802831562
1164	-8.170414847194237
1165	-8.170414891203718
1166	-8.170414934862814
1167	-8.170414978174314
1168	-8.170415021140988
1169	-8.17041506376558
1170	-8.170415106050818
1171	-8.170415147999401
1172	-8.17041518961401
1173	-8.170415230897307
1174	-8.170415271851928
1175	-8.170415312480493
1176	-8.170415352785595
1177	-8.170415392769812
1178	-8.170415432435698
1179	-8.170415471785788
1180	-8.1704155108226
1181	-8.170415549548624
1182	-8.170415587966337
1183	-8.170415626078194
1184	-8.170415663886633
1185	-8.170415701394067
1186	-8.170415738602891
1187	-8.170415775515487
1188	-8.170415812134213
1189	-8.170415848461408
1190	-8.170415884499393
1191	-8.170415920250473
1192	-8.170415955716932
1193	-8.170415990901033
1194	-8.17041602580503
1195	-8.170416060431151
1196	-8.170416094781608
1197	-8.170416128858594
1198	-8.170416162664294
1199	-8.17041619620086
1200	-8.170416229470439
1201	-8.170416262475156
1202	-8.170416295217121
1203	-8.170416327698426
1204	-8.170416359921145
1205	-8.170416391887338
1206	-8.170416423599049
1207	-8.170416455058302
1208	-8.170416486267108
1209	-8.170416517227462
1210	-8.170416547941343
1211	-8.170416578410709
1212	-8.170416608637515
1213	-8.170416638623685
1214	-8.17041666837114
1215	-8.170416697881777
1216	-8.170416727157484
1217	-8.170416756200131
1218	-8.170416785011572
1219	-8.170416813593652
1220	-8.170416841948194
1221	-8.170416870077009
1222	-8.170416897981898
1223	-8.170416925664641
1224	-8.170416953127006
1225	-8.170416980370753
1226	-8.170417007397617
1227	-8.170417034209327
1228	-8.170417060807598
1229	-8.170417087194124
1230	-8.170417113370597
1231	-8.170417139338687
1232	-8.170417165100055
1233	-8.170417190656341
1234	-8.170417216009184
1235	-8.170417241160203
1236	-8.170417266111002
1237	-8.170417290863178
1238	-8.170417315418312
1239	-8.170417339777972
1240	-8.170417363943715
1241	-8.170417387917084
1242	-8.17041741169961
1243	-8.170417435292816
1244	-8.170417458698207
1245	-8.170417481917278
1246	-8.170417504951514
1247	-8.170417527802385
1248	-8.170417550471353
1249	-8.170417572959863
1250	-8.170417595269356
1251	-8.170417617401252
1252	-8.17041763935697
1253	-8.170417661137911
1254	-8.170417682745466
1255	-8.170417704181013
1256	-8.170417725445928
1257	-8.170417746541567
1258	-8.170417767469273
1259	-8.170417788230388
1260	-8.170417808826237
1261	-8.170417829258135
1262	-8.170417849527388
1263	-8.170417869635292
1264	-8.17041788958313
1265	-8.170417909372176
1266	-8.170417929003696
1267	-8.170417948478944
1268	-8.170417967799162
1269	-8.170417986965587
1270	-8.170418005979444
1271	-8.170418024841943
1272	-8.170418043554292
1273	-8.17041806211769
1274	-8.170418080533317
1275	-8.170418098802351
1276	-8.170418116925962
1277	-8.170418134905304
1278	-8.170418152741528
1279	-8.170418170435772
1280	-8.170418187989167
1281	-8.170418205402834
1282	-8.170418222677888
1283	-8.17041823981543
1284	-8.170418256816552
1285	-8.170418273682346
1286	-8.170418290413885
1287	-8.170418307012241
1288	-8.170418323478472
1289	-8.170418339813631
1290	-8.17041835601876
1291	-8.170418372094899
1292	-8.170418388043068
1293	-8.17041840386429
1294	-8.170418419559574
1295	-8.170418435129925
1296	-8.170418450576335
1297	-8.170418465899791
1298	-8.170418481101274
1299	-8.170418496181753
1300	-8.170418511142191
1301	-8.170418525983546
1302	-8.170418540706764
1303	-8.170418555312787
1304	-8.170418569802546
1305	-8.170418584176968
1306	-8.170418598436973
1307	-8.170418612583468
1308	-8.170418626617357
1309	-8.170418640539541
1310	-8.170418654350906
1311	-8.170418668052331
1312	-8.170418681644696
1313	-8.17041869512887
1314	-8.17041870850571
1315	-8.170418721776073
1316	-8.170418734940807
1317	-8.170418748000753
1318	-8.170418760956744
1319	-8.170418773809608
1320	-8.170418786560166
1321	-8.170418799209232
1322	-8.170418811757614
1323	-8.170418824206115
1324	-8.170418836555527
1325	-8.170418848806644
1326	-8.170418860960243
1327	-8.170418873017104
1328	-8.170418884977995
1329	-8.170418896843682
1330	-8.170418908614922
1331	-8.170418920292464
1332	-8.170418931877059
1333	-8.170418943369443
1334	-8.170418954770351
1335	-8.170418966080515
1336	-8.17041897730065
1337	-8.170418988431479
1338	-8.17041899947371
1339	-8.17041901042805
1340	-8.170419021295196
1341	-8.170419032075847
1342	-8.170419042770686
1343	-8.170419053380398
1344	-8.170419063905662
1345	-8.170419074347148
1346	-8.170419084705527
1347	-8.170419094981456
1348	-8.170419105175593
1349	-8.17041911528859
1350	-8.170419125321093
1351	-8.170419135273741
1352	-8.170419145147171
1353	-8.170419154942014
1354	-8.170419164658894
1355	-8.170419174298434
1356	-8.170419183861245
1357	-8.170419193347943
1358	-8.170419202759133
1359	-8.170419212095412
1360	-8.170419221357381
1361	-8.17041923054563
1362	-8.170419239660745
1363	-8.170419248703311
1364	-8.170419257673903
1365	-8.170419266573091
1366	-8.17041927540145
1367	-8.170419284159538
1368	-8.17041929284792
1369	-8.170419301467144
1370	-8.170419310017767
1371	-8.17041931850033
1372	-8.170419326915379
1373	-8.170419335263448
1374	-8.170419343545074
1375	-8.170419351760783
1376	-8.1704193599111
1377	-8.170419367996546
1378	-8.170419376017637
1379	-8.170419383974886
1380	-8.170419391868801
1381	-8.170419399699885
1382	-8.17041940746864
1383	-8.17041941517556
1384	-8.17041942282114
1385	-8.170419430405865
1386	-8.170419437930223
1387	-8.17041944539469
1388	-8.170419452799749
1389	-8.170419460145867
1390	-8.170419467433515
1391	-8.17041947466316
1392	-8.170419481835262
1393	-8.17041948895028
1394	-8.17041949600867
1395	-8.170419503010876
1396	-8.170419509957355
1397	-8.170419516848543
1398	-8.170419523684883
1399	-8.17041953046681
1400	-8.17041953719476
1401	-8.17041954386916
1402	-8.17041955049044
1403	-8.170419557059018
1404	-8.170419563575317
1405	-8.170419570039751
1406	-8.170419576452733
1407	-8.170419582814674
1408	-8.170419589125979
1409	-8.170419595387052
1410	-8.170419601598292
1411	-8.170419607760097
1412	-8.170419613872859
1413	-8.170419619936968
1414	-8.170419625952814
1415	-8.170419631920778
1416	-8.170419637841242
1417	-8.170419643714586
1418	-8.170419649541184
1419	-8.170419655321407
1420	-8.170419661055625
1421	-8.170419666744204
1422	-8.170419672387508
1423	-8.170419677985896
1424	-8.170419683539727
1425	-8.170419689049352
1426	-8.170419694515129
1427	-8.170419699937405
1428	-8.170419705316522
1429	-8.170419710652826
1430	-8.170419715946661
1431	-8.170419721198362
1432	-8.170419726408264
1433	-8.1704197315767
1434	-8.170419736704002
1435	-8.170419741790496
1436	-8.170419746836505
1437	-8.170419751842354
1438	-8.170419756808363
1439	-8.170419761734847
1440	-8.170419766622121
1441	-8.170419771470497
1442	-8.170419776280287
1443	-8.170419781051795
1444	-8.170419785785327
1445	-8.170419790481185
1446	-8.17041979513967
1447	-8.170419799761078
1448	-8.170419804345705
1449	-8.170419808893843
1450	-8.170419813405784
1451	-8.170419817881815
1452	-8.17041982232222
1453	-8.170419826727287
1454	-8.170419831097293
1455	-8.170419835432519
1456	-8.17041983973324
1457	-8.170419843999733
1458	-8.170419848232271
1459	-8.170419852431124
1460	-8.170419856596556
1461	-8.170419860728838
1462	-8.170419864828231
1463	-8.170419868895
1464	-8.170419872929399
1465	-8.17041987693169
1466	-8.170419880902129
1467	-8.170419884840967
1468	-8.170419888748457
1469	-8.170419892624846
1470	-8.170419896470387
1471	-8.170419900285323
1472	-8.170419904069893
1473	-8.170419907824344
1474	-8.170419911548915
1475	-8.170419915243842
1476	-8.170419918909364
1477	-8.17041992254571
1478	-8.170419926153118
1479	-8.170419929731814
1480	-8.170419933282027
1481	-8.170419936803988
1482	-8.170419940297917
1483	-8.170419943764038
1484	-8.170419947202573
1485	-8.170419950613745
1486	-8.170419953997765
1487	-8.170419957354856
1488	-8.170419960685226
1489	-8.170419963989092
1490	-8.170419967266662
1491	-8.17041997051815
1492	-8.170419973743758
1493	-8.170419976943695
1494	-8.170419980118163
1495	-8.17041998326737
1496	-8.17041998639151
1497	-8.170419989490789
1498	-8.1704199925654
1499	-8.170419995615543
1500	-8.17041999864141
1501	-8.170420001643196
1502	-8.170420004621091
1503	-8.170420007575286
1504	-8.170420010505971
1505	-8.17042001341333
1506	-8.170420016297552
1507	-8.170420019158819
1508	-8.170420021997316
1509	-8.17042002481322
1510	-8.170420027606715
1511	-8.170420030377976
1512	-8.170420033127183
1513	-8.170420035854509
1514	-8.17042003856013
1515	-8.170420041244219
1516	-8.170420043906946
1517	-8.170420046548482
1518	-8.170420049168992
1519	-8.170420051768652
1520	-8.170420054347618
1521	-8.17042005690606
1522	-8.170420059444142
1523	-8.170420061962027
1524	-8.170420064459869
1525	-8.170420066937833
1526	-8.170420069396076
1527	-8.170420071834755
1528	-8.170420074254027
1529	-8.170420076654045
1530	-8.170420079034962
1531	-8.170420081396928
1532	-8.1704200837401
1533	-8.170420086064622
1534	-8.170420088370646
1535	-8.170420090658315
1536	-8.170420092927777
1537	-8.170420095179182
1538	-8.170420097412666
1539	-8.170420099628375
1540	-8.170420101826451
1541	-8.170420104007034
1542	-8.170420106170262
1543	-8.170420108316275
1544	-8.17042011044521
1545	-8.1704201125572
1546	-8.170420114652384
1547	-8.17042011673089
1548	-8.170420118792856
1549	-8.170420120838411
1550	-8.170420122867691
1551	-8.170420124880817
1552	-8.170420126877922
1553	-8.170420128859135
1554	-8.170420130824578
1555	-8.170420132774382
1556	-8.17042013470867
1557	-8.170420136627559
1558	-8.170420138531181
1559	-8.170420140419651
1560	-8.170420142293093
1561	-8.170420144151624
1562	-8.170420145995367
1563	-8.170420147824434
1564	-8.170420149638945
1565	-8.170420151439014
1566	-8.170420153224761
1567	-8.170420154996295
1568	-8.17042015675373
1569	-8.17042015849718
1570	-8.170420160226753
1571	-8.170420161942562
1572	-8.170420163644717
1573	-8.170420165333326
1574	-8.170420167008494
1575	-8.170420168670333
1576	-8.170420170318945
1577	-8.170420171954436
1578	-8.170420173576913
1579	-8.170420175186477
1580	-8.170420176783233
1581	-8.17042017836728
1582	-8.170420179938722
1583	-8.170420181497656
1584	-8.170420183044186
1585	-8.170420184578406
1586	-8.170420186100415
1587	-8.170420187610315
1588	-8.170420189108198
1589	-8.17042019059416
1590	-8.170420192068296
1591	-8.170420193530699
1592	-8.170420194981466
1593	-8.170420196420686
1594	-8.170420197848452
1595	-8.170420199264857
1596	-8.170420200669989
1597	-8.170420202063939
1598	-8.170420203446795
1599	-8.170420204818646
1600	-8.17042020617958
1601	-8.170420207529684
1602	-8.170420208869041
1603	-8.170420210197742
1604	-8.170420211515866
1605	-8.170420212823503
1606	-8.170420214120732
1607	-8.170420215407638
1608	-8.1704202166843
1609	-8.170420217950804
1610	-8.17042021920723
1611	-8.170420220453655
1612	-8.170420221690161
1613	-8.170420222916828
1614	-8.170420224133732
1615	-8.170420225340951
1616	-8.170420226538566
1617	-8.170420227726646
1618	-8.170420228905273
1619	-8.170420230074521
1620	-8.170420231234461
1621	-8.170420232385172
1622	-8.170420233526727
1623	-8.170420234659193
1624	-8.17042023578265
1625	-8.170420236897167
1626	-8.170420238002812
1627	-8.17042023909966
1628	-8.170420240187777
1629	-8.170420241267237
1630	-8.170420242338105
1631	-8.17042024340045
1632	-8.170420244454343
1633	-8.170420245499848
1634	-8.170420246537033
1635	-8.17042024756596
1636	-8.170420248586703
1637	-8.170420249599323
1638	-8.170420250603883
1639	-8.17042025160045
1640	-8.170420252589084
1641	-8.170420253569851
1642	-8.170420254542814
1643	-8.170420255508034
1644	-8.170420256465569
1645	-8.170420257415488
1646	-8.170420258357847
1647	-8.170420259292705
1648	-8.170420260220125
1649	-8.170420261140164
1650	-8.170420262052879
1651	-8.170420262958332
1652	-8.170420263856581
1653	-8.17042026474768
1654	-8.170420265631687
1655	-8.17042026650866
1656	-8.170420267378656
1657	-8.170420268241726
1658	-8.170420269097928
1659	-8.170420269947314
1660	-8.170420270789943
1661	-8.170420271625867
1662	-8.170420272455138
1663	-8.17042027327781
1664	-8.170420274093933
1665	-8.170420274903563
1666	-8.170420275706748
1667	-8.170420276503544
1668	-8.170420277293998
1669	-8.170420278078161
1670	-8.170420278856085
1671	-8.170420279627816
1672	-8.170420280393408
1673	-8.170420281152907
1674	-8.17042028190636
1675	-8.170420282653817
1676	-8.170420283395325
1677	-8.170420284130936
1678	-8.17042028486069
1679	-8.170420285584637
1680	-8.170420286302823
1681	-8.170420287015293
1682	-8.170420287722095
1683	-8.170420288423271
1684	-8.170420289118868
1685	-8.170420289808927
1686	-8.170420290493498
1687	-8.170420291172618
1688	-8.170420291846334
1689	-8.17042029251469
1690	-8.170420293177727
1691	-8.170420293835488
1692	-8.170420294488013
1693	-8.170420295135347
1694	-8.170420295777527
1695	-8.170420296414598
1696	-8.170420297046599
1697	-8.170420297673571
1698	-8.170420298295554
1699	-8.170420298912587
1700	-8.170420299524707
1701	-8.170420300131958
1702	-8.170420300734378
1703	-8.170420301332001
1704	-8.170420301924871
1705	-8.170420302513019
1706	-8.170420303096492
1707	-8.170420303675318
1708	-8.170420304249536
1709	-8.170420304819189
1710	-8.170420305384308
1711	-8.170420305944926
1712	-8.170420306501086
1713	-8.170420307052819
1714	-8.170420307600162
1715	-8.170420308143148
1716	-8.170420308681814
1717	-8.170420309216194
1718	-8.17042030974632
1719	-8.170420310272227
1720	-8.17042031079395
1721	-8.170420311311522
1722	-8.170420311824973
1723	-8.17042031233434
1724	-8.170420312839651
1725	-8.170420313340943
1726	-8.170420313838246
1727	-8.17042031433159
1728	-8.170420314821008
1729	-8.170420315306531
1730	-8.170420315788192
1731	-8.17042031626602
1732	-8.170420316740044
1733	-8.170420317210295
1734	-8.170420317676806
1735	-8.170420318139602
1736	-8.170420318598719
1737	-8.17042031905418
1738	-8.170420319506016
1739	-8.170420319954259
1740	-8.17042032039893
1741	-8.170420320840066
1742	-8.17042032127769
1743	-8.170420321711832
1744	-8.170420322142519
1745	-8.17042032256978
1746	-8.17042032299364
1747	-8.170420323414127
1748	-8.17042032383127
1749	-8.170420324245088
1750	-8.170420324655616
1751	-8.170420325062876
1752	-8.170420325466898
1753	-8.170420325867703
1754	-8.170420326265317
1755	-8.17042032665977
1756	-8.170420327051083
1757	-8.17042032743928
1758	-8.170420327824388
1759	-8.170420328206433
1760	-8.170420328585438
1761	-8.170420328961423
1762	-8.170420329334421
1763	-8.170420329704449
1764	-8.170420330071533
1765	-8.170420330435693
1766	-8.170420330796958
1767	-8.170420331155348
1768	-8.170420331510885
1769	-8.170420331863593
1770	-8.170420332213492
1771	-8.17042033256061
1772	-8.170420332904964
1773	-8.170420333246577
1774	-8.170420333585474
1775	-8.170420333921673
1776	-8.170420334255194
1777	-8.170420334586064
1778	-8.1704203349143
1779	-8.170420335239925
1780	-8.170420335562957
1781	-8.17042033588342
1782	-8.170420336201332
1783	-8.170420336516715
1784	-8.170420336829586
1785	-8.17042033713997
1786	-8.170420337447881
1787	-8.170420337753344
1788	-8.170420338056374
1789	-8.170420338356994
1790	-8.170420338655223
1791	-8.170420338951077
1792	-8.170420339244576
1793	-8.170420339535742
1794	-8.17042033982459
1795	-8.170420340111137
1796	-8.170420340395408
1797	-8.170420340677413
1798	-8.170420340957175
1799	-8.170420341234712
1800	-8.17042034151004
1801	-8.170420341783174
1802	-8.170420342054138
1803	-8.170420342322945
1804	-8.170420342589612
1805	-8.170420342854158
1806	-8.170420343116598
1807	-8.17042034337695
1808	-8.17042034363523
1809	-8.170420343891456
1810	-8.17042034414564
1811	-8.170420344397803
1812	-8.170420344647962
1813	-8.170420344896126
1814	-8.170420345142317
1815	-8.170420345386548
1816	-8.170420345628838
1817	-8.170420345869196
1818	-8.170420346107644
1819	-8.170420346344194
1820	-8.170420346578862
1821	-8.170420346811662
1822	-8.17042034704261
1823	-8.170420347271719
1824	-8.170420347499006
1825	-8.17042034772448
1826	-8.170420347948166
1827	-8.17042034817007
1828	-8.170420348390207
1829	-8.170420348608593
1830	-8.17042034882524
1831	-8.170420349040164
1832	-8.170420349253378
1833	-8.170420349464896
1834	-8.170420349674728
1835	-8.170420349882892
1836	-8.1704203500894
1837	-8.170420350294265
1838	-8.170420350497498
1839	-8.170420350699114
1840	-8.170420350899128
1841	-8.170420351097547
1842	-8.17042035129439
1843	-8.170420351489664
1844	-8.170420351683386
1845	-8.170420351875565
1846	-8.170420352066216
1847	-8.170420352255348
1848	-8.170420352442978
1849	-8.170420352629112
1850	-8.170420352813764
1851	-8.170420352996949
1852	-8.170420353178677
1853	-8.170420353358958
1854	-8.170420353537803
1855	-8.170420353715226
1856	-8.170420353891238
1857	-8.170420354065847
1858	-8.170420354239067
1859	-8.17042035441091
1860	-8.170420354581385
1861	-8.170420354750503
1862	-8.170420354918274
1863	-8.170420355084714
1864	-8.170420355249826
1865	-8.170420355413626
1866	-8.17042035557612
1867	-8.170420355737322
1868	-8.170420355897242
1869	-8.170420356055889
1870	-8.170420356213274
1871	-8.170420356369405
1872	-8.170420356524296
1873	-8.170420356677955
1874	-8.17042035683039
1875	-8.17042035698161
1876	-8.170420357131627
1877	-8.170420357280454
1878	-8.170420357428092
1879	-8.170420357574557
1880	-8.170420357719857
1881	-8.170420357864002
1882	-8.170420358006997
1883	-8.170420358148855
1884	-8.170420358289585
1885	-8.170420358429194
1886	-8.170420358567695
1887	-8.170420358705089
1888	-8.170420358841394
1889	-8.17042035897661
1890	-8.170420359110754
1891	-8.170420359243831
1892	-8.170420359375845
1893	-8.170420359506812
1894	-8.170420359636735
1895	-8.170420359765625
1896	-8.170420359893487
1897	-8.170420360020334
1898	-8.17042036014617
1899	-8.170420360271008
1900	-8.17042036039485
1901	-8.170420360517706
1902	-8.170420360639586
1903	-8.170420360760495
1904	-8.170420360880442
1905	-8.170420360999435
1906	-8.170420361117479
1907	-8.170420361234585
1908	-8.17042036135076
1909	-8.170420361466011
1910	-8.170420361580344
1911	-8.170420361693767
1912	-8.170420361806286
1913	-8.170420361917913
1914	-8.170420362028649
1915	-8.170420362138506
1916	-8.170420362247487
1917	-8.1704203623556
1918	-8.170420362462854
1919	-8.170420362569255
1920	-8.17042036267481
1921	-8.170420362779522
1922	-8.170420362883403
1923	-8.170420362986457
1924	-8.170420363088692
1925	-8.170420363190111
1926	-8.170420363290724
1927	-8.170420363390535
1928	-8.170420363489555
1929	-8.170420363587784
1930	-8.170420363685233
1931	-8.170420363781908
1932	-8.170420363877811
1933	-8.170420363972951
1934	-8.170420364067336
1935	-8.17042036416097
1936	-8.170420364253857
1937	-8.170420364346004
1938	-8.17042036443742
1939	-8.170420364528107
1940	-8.170420364618073
1941	-8.170420364707322
1942	-8.170420364795863
1943	-8.170420364883698
1944	-8.170420364970834
1945	-8.170420365057279
1946	-8.170420365143032
1947	-8.170420365228107
1948	-8.1704203653125
1949	-8.170420365396225
1950	-8.170420365479284
1951	-8.17042036556168
1952	-8.170420365643421
1953	-8.170420365724512
1954	-8.170420365804958
1955	-8.170420365884764
1956	-8.170420365963935
1957	-8.170420366042475
1958	-8.170420366120391
1959	-8.170420366197686
1960	-8.170420366274366
1961	-8.170420366350436
1962	-8.170420366425901
1963	-8.170420366500764
1964	-8.170420366575033
1965	-8.17042036664871
1966	-8.170420366721803
1967	-8.17042036679431
1968	-8.170420366866244
1969	-8.170420366937604
1970	-8.170420367008397
1971	-8.170420367078627
1972	-8.170420367148296
1973	-8.170420367217412
1974	-8.17042036728598
1975	-8.170420367353998
1976	-8.170420367421478
1977	-8.170420367488418
1978	-8.170420367554827
1979	-8.170420367620709
1980	-8.170420367686065
1981	-8.170420367750902
1982	-8.170420367815222
1983	-8.17042036787903
1984	-8.170420367942333
1985	-8.170420368005129
1986	-8.170420368067427
1987	-8.170420368129228
1988	-8.17042036819054
1989	-8.17042036825136
1990	-8.1704203683117
1991	-8.170420368371557
1992	-8.170420368430939
1993	-8.170420368489848
1994	-8.170420368548287
1995	-8.170420368606262
1996	-8.170420368663777
1997	-8.170420368720835
1998	-8.170420368777437
1999	-8.17042036883359
2000	-8.170420368889292
